FULL_NM,FIRST_NM,LAST_NM,ENT_TYPE
Senn Perkins,Senn,Perkins,PERS
Marianne Maldonado,Marianne,Maldonado,PERS
Monique Maldonado,Monique,Maldonado,PERS
Jacinta Trommler,Jacinta,Trommler,PERS
Marisa Gomes,Marisa,Gomes,PERS
George Rhodes,George,Rhodes,PERS
Thierry Hoz,Thierry,Hoz,PERS
Letícia Tejedor,Letícia,Tejedor,PERS
Rembrandt Charrier,Rembrandt,Charrier,PERS
Aimée Joye,Aimée,Joye,PERS
Luís Gubéran,Luís,Gubéran,PERS
Kyano Dries,Kyano,Dries,PERS
David Cannon,David,Cannon,PERS
William Fisher,William,Fisher,PERS
Beatriz Cugia,Beatriz,Cugia,PERS
Miguela James,Miguela,James,PERS
Kyara Pedrero,Kyara,Pedrero,PERS
Chloé Mottiez,Chloé,Mottiez,PERS
Fabienne Carvalho,Fabienne,Carvalho,PERS
Derek Blanc,Derek,Blanc,PERS
Lot Nixon,Lot,Nixon,PERS
Léo Vos,Léo,Vos,PERS
Yfke Almazán,Yfke,Almazán,PERS
Louis Adryaens,Louis,Adryaens,PERS
Lucas Carneiro,Lucas,Carneiro,PERS
Amina Toldo,Amina,Toldo,PERS
Isabelle Babey,Isabelle,Babey,PERS
Mara Tarantino,Mara,Tarantino,PERS
Elmo van Este,Elmo,van Este,PERS
Klaus-Ulrich Blasi,Klaus-Ulrich,Blasi,PERS
Tijs Jans,Tijs,Jans,PERS
Onofre Alber,Onofre,Alber,PERS
Gérard Smith,Gérard,Smith,PERS
Miguel Ángel Bailey,Miguel Ángel,Bailey,PERS
Ramona Monnier,Ramona,Monnier,PERS
Emmanuel van der Maath,Emmanuel,van der Maath,PERS
Kristen Clément,Kristen,Clément,PERS
Cheryl Schüler,Cheryl,Schüler,PERS
Dafne Jacques,Dafne,Jacques,PERS
Amy Heijmans,Amy,Heijmans,PERS
Lisa Machado,Lisa,Machado,PERS
Alan Scheffers,Alan,Scheffers,PERS
Margaud Maire,Margaud,Maire,PERS
Modesta Carpaccio,Modesta,Carpaccio,PERS
Arsenio Martel,Arsenio,Martel,PERS
Jayden Aranda,Jayden,Aranda,PERS
Justin Kambs,Justin,Kambs,PERS
Samuel Vuille,Samuel,Vuille,PERS
Jaime Venier,Jaime,Venier,PERS
Joshua Novoa,Joshua,Novoa,PERS
Ugo Droz,Ugo,Droz,PERS
Vincent Gaspar,Vincent,Gaspar,PERS
Zoe Kambs,Zoe,Kambs,PERS
Naiara Schlosser,Naiara,Schlosser,PERS
Rosalia Visser,Rosalia,Visser,PERS
Alderano Caron,Alderano,Caron,PERS
Stéphane Faust,Stéphane,Faust,PERS
Victor West,Victor,West,PERS
René Vasseur,René,Vasseur,PERS
Gary Zänker,Gary,Zänker,PERS
Victor Larson,Victor,Larson,PERS
Delfino Junitz,Delfino,Junitz,PERS
Élise Bolaños,Élise,Bolaños,PERS
Cristian Vos,Cristian,Vos,PERS
Tobias Peters,Tobias,Peters,PERS
Clifford Golgi,Clifford,Golgi,PERS
Ashleigh Bujard,Ashleigh,Bujard,PERS
Julie van Brenen,Julie,van Brenen,PERS
Pamela Rubbia,Pamela,Rubbia,PERS
Jacobo Grant,Jacobo,Grant,PERS
Jente Wagner,Jente,Wagner,PERS
Jose Vermeil,Jose,Vermeil,PERS
Giuliana Heinz,Giuliana,Heinz,PERS
Ângelo Marty,Ângelo,Marty,PERS
Federica Pinho,Federica,Pinho,PERS
Stephen Banks,Stephen,Banks,PERS
Alexandra Alves,Alexandra,Alves,PERS
David Reguera,David,Reguera,PERS
Rowan Koch II,Rowan,Koch II,PERS
Samuel Pechel,Samuel,Pechel,PERS
Abdul Fonseca,Abdul,Fonseca,PERS
Milena Pereira,Milena,Pereira,PERS
Loni Gaspar,Loni,Gaspar,PERS
Claudio Galtarossa,Claudio,Galtarossa,PERS
Diogo Grojean,Diogo,Grojean,PERS
Nicole Estrada,Nicole,Estrada,PERS
Stacey Barbey,Stacey,Barbey,PERS
Jeanne Radisch,Jeanne,Radisch,PERS
Teobaldo Wright,Teobaldo,Wright,PERS
Lucie Walton,Lucie,Walton,PERS
Alan Jones,Alan,Jones,PERS
Antonio Adriaensdr,Antonio,Adriaensdr,PERS
Mauro Solano,Mauro,Solano,PERS
Ivan Francisco,Ivan,Francisco,PERS
Eleni Schiavone,Eleni,Schiavone,PERS
Lucie Reynaud,Lucie,Reynaud,PERS
William Martín,William,Martín,PERS
Naud Cattin,Naud,Cattin,PERS
Pamela Albers,Pamela,Albers,PERS
Amico Jacot-Guillarmod,Amico,Jacot-Guillarmod,PERS
Beverly Macdonald,Beverly,Macdonald,PERS
Luís Cilibrasi,Luís,Cilibrasi,PERS
Thibaut Beurret,Thibaut,Beurret,PERS
Cheryl Ladeck,Cheryl,Ladeck,PERS
Julien Adam,Julien,Adam,PERS
Ruggiero Samper,Ruggiero,Samper,PERS
Cosme Iannotti,Cosme,Iannotti,PERS
Hanny Voisin,Hanny,Voisin,PERS
Marta Menthonnex,Marta,Menthonnex,PERS
Martim Estevez,Martim,Estevez,PERS
Janice Pereira,Janice,Pereira,PERS
Francesca Román,Francesca,Román,PERS
Lorraine Marti,Lorraine,Marti,PERS
Louis Pearson,Louis,Pearson,PERS
Guy van Dongen,Guy,van Dongen,PERS
Tina Baggio,Tina,Baggio,PERS
Richard Azevedo,Richard,Azevedo,PERS
Leoncio Castelló,Leoncio,Castelló,PERS
Agostino White,Agostino,White,PERS
Carmen Finetti,Carmen,Finetti,PERS
Jonas Jekel,Jonas,Jekel,PERS
Grégoire Schulten,Grégoire,Schulten,PERS
Christophe Vaillant,Christophe,Vaillant,PERS
Jeanne Henriques,Jeanne,Henriques,PERS
Sabine Chenaux,Sabine,Chenaux,PERS
Alphonse Rodgers,Alphonse,Rodgers,PERS
Alan Elbertse,Alan,Elbertse,PERS
Demetrio Garner,Demetrio,Garner,PERS
Samantha Nelson,Samantha,Nelson,PERS
David Bahon,David,Bahon,PERS
Mary Figueiredo,Mary,Figueiredo,PERS
Antonio Navarro,Antonio,Navarro,PERS
Camila Donoso,Camila,Donoso,PERS
Friedl Gritti,Friedl,Gritti,PERS
Simão Jordán,Simão,Jordán,PERS
Elizabeth Boechat,Elizabeth,Boechat,PERS
Douglas Mimun,Douglas,Mimun,PERS
Dimitri Turner,Dimitri,Turner,PERS
Kayla Quero,Kayla,Quero,PERS
Danny Amigó,Danny,Amigó,PERS
Edgar Julliard,Edgar,Julliard,PERS
Chus Rodrigues,Chus,Rodrigues,PERS
Cláudio Jomini,Cláudio,Jomini,PERS
Elias van Vermandois,Elias,van Vermandois,PERS
Susan Reuter,Susan,Reuter,PERS
Nazario Jacques,Nazario,Jacques,PERS
Helmtrud Krebs,Helmtrud,Krebs,PERS
Alois Fernandez,Alois,Fernandez,PERS
Jose Antonio Gonçalves,Jose Antonio,Gonçalves,PERS
Lynne Pezzali,Lynne,Pezzali,PERS
Jessica Mazzanti,Jessica,Mazzanti,PERS
Jerry Brown,Jerry,Brown,PERS
Filipa Rouwhorst,Filipa,Rouwhorst,PERS
Karl-Ludwig Lejeune,Karl-Ludwig,Lejeune,PERS
Piero Cámara,Piero,Cámara,PERS
Tessa Torres,Tessa,Torres,PERS
Gaspar Dodd,Gaspar,Dodd,PERS
Julian Francis,Julian,Francis,PERS
Matias Chopard,Matias,Chopard,PERS
Baldomero Pergande,Baldomero,Pergande,PERS
Frédérique Fouquet,Frédérique,Fouquet,PERS
Amy Ferreira,Amy,Ferreira,PERS
Laura Monney,Laura,Monney,PERS
Fernanda Harris,Fernanda,Harris,PERS
Katy van der Laan,Katy,van der Laan,PERS
Josiane Chopard,Josiane,Chopard,PERS
Danielle Zamora,Danielle,Zamora,PERS
Aria Butte,Aria,Butte,PERS
Dolores Simões,Dolores,Simões,PERS
Noa Matos,Noa,Matos,PERS
Durante Moraleda,Durante,Moraleda,PERS
Clara Battisti,Clara,Battisti,PERS
Alfonso Giunti,Alfonso,Giunti,PERS
Florina Vaughn,Florina,Vaughn,PERS
Boaz Hamon,Boaz,Hamon,PERS
Abel De Sousa,Abel,De Sousa,PERS
Léon Tinguely,Léon,Tinguely,PERS
Isabelle Mayor,Isabelle,Mayor,PERS
Chloë Esteves,Chloë,Esteves,PERS
Marcel Dellucci,Marcel,Dellucci,PERS
Samuel Nielsen,Samuel,Nielsen,PERS
Ronald Gallart,Ronald,Gallart,PERS
Jonathan Deschamps,Jonathan,Deschamps,PERS
Éléonore Textor,Éléonore,Textor,PERS
Philippe Elliott,Philippe,Elliott,PERS
Joshua Pinto,Joshua,Pinto,PERS
Piersanti Ferreras,Piersanti,Ferreras,PERS
Élisabeth Davenport,Élisabeth,Davenport,PERS
Lola van der Dussen,Lola,van der Dussen,PERS
Apolonia Almeida,Apolonia,Almeida,PERS
Romina Palman,Romina,Palman,PERS
Christophe Watkins,Christophe,Watkins,PERS
Thomas Allan,Thomas,Allan,PERS
Colin Ullrich,Colin,Ullrich,PERS
Sally Stey,Sally,Stey,PERS
John Gröttner,John,Gröttner,PERS
Wilson Louis,Wilson,Louis,PERS
Myrthe Novoa,Myrthe,Novoa,PERS
Keith Patel,Keith,Patel,PERS
Miguel Chenaux,Miguel,Chenaux,PERS
Gerard Vicente,Gerard,Vicente,PERS
Jonathan Jennings,Jonathan,Jennings,PERS
Melissa Nusslé,Melissa,Nusslé,PERS
Bárbara Gussoni,Bárbara,Gussoni,PERS
Sandra Besnard,Sandra,Besnard,PERS
Cláudio Johnston,Cláudio,Johnston,PERS
Lex Richard,Lex,Richard,PERS
Hansgeorg Jockel,Hansgeorg,Jockel,PERS
Madeleine Jones,Madeleine,Jones,PERS
Hans Ullrich,Hans,Ullrich,PERS
Carol Jones,Carol,Jones,PERS
Jolijn Wood,Jolijn,Wood,PERS
Gabrielle Morley,Gabrielle,Morley,PERS
Jonathan Crawford,Jonathan,Crawford,PERS
Kelly Devaux,Kelly,Devaux,PERS
Ignazio Robin,Ignazio,Robin,PERS
Kirsty Fajardo,Kirsty,Fajardo,PERS
Joy Joubert,Joy,Joubert,PERS
Daniel Morandini,Daniel,Morandini,PERS
Lara van Rijthoven,Lara,van Rijthoven,PERS
Mary Röhricht,Mary,Röhricht,PERS
Prudencio Benthin,Prudencio,Benthin,PERS
Candelaria Ropero,Candelaria,Ropero,PERS
León Blanc,León,Blanc,PERS
Bernard Nelson,Bernard,Nelson,PERS
Stacey Rogner,Stacey,Rogner,PERS
Vasco Valencia,Vasco,Valencia,PERS
Costantino Förster,Costantino,Förster,PERS
Édouard Antunes,Édouard,Antunes,PERS
Alban Jesus,Alban,Jesus,PERS
Johannes Anderson,Johannes,Anderson,PERS
Delfino Rogner,Delfino,Rogner,PERS
Friedrich-Wilhelm Théraulaz,Friedrich-Wilhelm,Théraulaz,PERS
Mark Bruijne van der Veen,Mark,Bruijne van der Veen,PERS
Lynn Tanguy,Lynn,Tanguy,PERS
Isabella Segarra,Isabella,Segarra,PERS
Leandro Wiek,Leandro,Wiek,PERS
Urte Oliver,Urte,Oliver,PERS
Rocío Hesse,Rocío,Hesse,PERS
Laetitia Garcia,Laetitia,Garcia,PERS
Conrado Bolander,Conrado,Bolander,PERS
Beatrice Coelho,Beatrice,Coelho,PERS
Francisca Jerez,Francisca,Jerez,PERS
Bettina Monteverdi,Bettina,Monteverdi,PERS
Denise Lang,Denise,Lang,PERS
Beatriz Röhrdanz,Beatriz,Röhrdanz,PERS
Guntram Faure,Guntram,Faure,PERS
Jennifer Payne,Jennifer,Payne,PERS
Wouter Sanudo,Wouter,Sanudo,PERS
Stefani Bertrand,Stefani,Bertrand,PERS
Kieran Privet,Kieran,Privet,PERS
Jonathan Vermeil,Jonathan,Vermeil,PERS
Pamela Staglieno,Pamela,Staglieno,PERS
Daniel Lange,Daniel,Lange,PERS
Giulietta Weiss,Giulietta,Weiss,PERS
Elisa Smith,Elisa,Smith,PERS
Jake Laine,Jake,Laine,PERS
Hans-Peter van Berkel,Hans-Peter,van Berkel,PERS
Bertrand Gros,Bertrand,Gros,PERS
Kyara Parker,Kyara,Parker,PERS
Simone Musy,Simone,Musy,PERS
Alec Brown,Alec,Brown,PERS
Agnolo Frankhuizen,Agnolo,Frankhuizen,PERS
Alan Garcia,Alan,Garcia,PERS
Glenn Muratori,Glenn,Muratori,PERS
Guillaume Trujillo,Guillaume,Trujillo,PERS
Cora Roach,Cora,Roach,PERS
Vera Fernandez,Vera,Fernandez,PERS
Fabrizio Carneiro,Fabrizio,Carneiro,PERS
Anouk Maia,Anouk,Maia,PERS
Joseph Meyer,Joseph,Meyer,PERS
Todd Putz,Todd,Putz,PERS
Geneviève Lima,Geneviève,Lima,PERS
Sükrü Carvalho,Sükrü,Carvalho,PERS
Sharon Cimarosa,Sharon,Cimarosa,PERS
Karl Robert,Karl,Robert,PERS
Pierina Saffi,Pierina,Saffi,PERS
Raimondo Costa,Raimondo,Costa,PERS
Christopher Green,Christopher,Green,PERS
Patricia Alvarez,Patricia,Alvarez,PERS
Ricardo Carrión,Ricardo,Carrión,PERS
Michelle Bachmann,Michelle,Bachmann,PERS
Margarethe Juvara,Margarethe,Juvara,PERS
Jeannine Roskoth,Jeannine,Roskoth,PERS
Guarino Moura,Guarino,Moura,PERS
Hilda Barbe,Hilda,Barbe,PERS
Joshua Meyer,Joshua,Meyer,PERS
Dorothy Guillet,Dorothy,Guillet,PERS
Ise Noguera,Ise,Noguera,PERS
Laurence Heinz,Laurence,Heinz,PERS
Carolina Pinheiro,Carolina,Pinheiro,PERS
Laurence Littizzetto,Laurence,Littizzetto,PERS
René Melo,René,Melo,PERS
Aureliano Smit,Aureliano,Smit,PERS
Cristina Chevrolet,Cristina,Chevrolet,PERS
Léa Reising,Léa,Reising,PERS
Rómulo Assunção,Rómulo,Assunção,PERS
Evelia Gallego,Evelia,Gallego,PERS
Zaira Costanzi,Zaira,Costanzi,PERS
Jonathan Koch II,Jonathan,Koch II,PERS
Hans-Willi Wiggins,Hans-Willi,Wiggins,PERS
Garrett Duarte,Garrett,Duarte,PERS
Pompeo Briere,Pompeo,Briere,PERS
Maxime Henry,Maxime,Henry,PERS
Amanda Henriques,Amanda,Henriques,PERS
Stéphanie Travaglia,Stéphanie,Travaglia,PERS
Sarah Piccand,Sarah,Piccand,PERS
Eduardo Candaux,Eduardo,Candaux,PERS
Raffaella Hardy,Raffaella,Hardy,PERS
Andrea Morand,Andrea,Morand,PERS
Jeffery Labbé,Jeffery,Labbé,PERS
Adrienne Puga,Adrienne,Puga,PERS
Salvador Schweitzer,Salvador,Schweitzer,PERS
Matilde Jackson,Matilde,Jackson,PERS
John Perkins,John,Perkins,PERS
Stella Hörle,Stella,Hörle,PERS
Flora Sandoval,Flora,Sandoval,PERS
Bonnie Blanchet,Bonnie,Blanchet,PERS
Ângelo Brookes,Ângelo,Brookes,PERS
Romana Coigny,Romana,Coigny,PERS
Michel Rek,Michel,Rek,PERS
Ines Martinez,Ines,Martinez,PERS
Giulietta Schaaf,Giulietta,Schaaf,PERS
António van den Broek,António,van den Broek,PERS
Sarah Santos,Sarah,Santos,PERS
Vincenzo Dussen van,Vincenzo,Dussen van,PERS
Jaclyn Rosario,Jaclyn,Rosario,PERS
Diana Boyd,Diana,Boyd,PERS
Jesus Prada,Jesus,Prada,PERS
Nicole Porter,Nicole,Porter,PERS
Gerrit Matile,Gerrit,Matile,PERS
Fito Wigman,Fito,Wigman,PERS
Emma Coreth von und zu Coredo und Starkenberg,Emma,Coreth von und zu Coredo und Starkenberg,PERS
Aloys Marti,Aloys,Marti,PERS
Maxime Andreotti,Maxime,Andreotti,PERS
Albert Mata,Albert,Mata,PERS
Lucie Durante,Lucie,Durante,PERS
Sandra Raynaud,Sandra,Raynaud,PERS
Fatima Lloyd,Fatima,Lloyd,PERS
Camille Morris,Camille,Morris,PERS
Josephine Parry,Josephine,Parry,PERS
Louis Mälzer,Louis,Mälzer,PERS
Ligia Zabala,Ligia,Zabala,PERS
Sandra Boulay,Sandra,Boulay,PERS
Sophie Kade,Sophie,Kade,PERS
Trinidad Metella,Trinidad,Metella,PERS
Georgina Giulietti,Georgina,Giulietti,PERS
Hans-Günter Antonetti,Hans-Günter,Antonetti,PERS
Laurens de Dardel,Laurens,de Dardel,PERS
Modesto Avila,Modesto,Avila,PERS
Pedro Puglisi,Pedro,Puglisi,PERS
Hans-Karl Recers,Hans-Karl,Recers,PERS
Sami van den Assem,Sami,van den Assem,PERS
Andrew Zahn,Andrew,Zahn,PERS
Fabienne Peron,Fabienne,Peron,PERS
Esther Fantoni,Esther,Fantoni,PERS
Alexandrie Dobes,Alexandrie,Dobes,PERS
Germaine Lee,Germaine,Lee,PERS
Colette Ladeck,Colette,Ladeck,PERS
Melvin Martin,Melvin,Martin,PERS
Alma Lange,Alma,Lange,PERS
Vera Greene,Vera,Greene,PERS
Laura Barberá,Laura,Barberá,PERS
Jesper Finke,Jesper,Finke,PERS
Guadalupe Palomar,Guadalupe,Palomar,PERS
Camila Liebelt,Camila,Liebelt,PERS
Guadalupe Gelabert,Guadalupe,Gelabert,PERS
Gail Mora,Gail,Mora,PERS
Vanessa Jacot-Descombes,Vanessa,Jacot-Descombes,PERS
Adelgunde Falcón,Adelgunde,Falcón,PERS
Marguerite Zampa,Marguerite,Zampa,PERS
Severino Lopes,Severino,Lopes,PERS
Adelasia Bovet,Adelasia,Bovet,PERS
Lucas Cibin,Lucas,Cibin,PERS
Owen Burgess,Owen,Burgess,PERS
Florian van Dagsburg,Florian,van Dagsburg,PERS
Edgar Gnodde,Edgar,Gnodde,PERS
Ekrem Burgos,Ekrem,Burgos,PERS
Filipa Waardeloo,Filipa,Waardeloo,PERS
Noah Cooper,Noah,Cooper,PERS
Paloma Ring,Paloma,Ring,PERS
Rafa Colom,Rafa,Colom,PERS
Emperatriz Andrade,Emperatriz,Andrade,PERS
Ezio Galindo,Ezio,Galindo,PERS
Adrian Priego,Adrian,Priego,PERS
Mia Platini,Mia,Platini,PERS
Mercedes Lawrence,Mercedes,Lawrence,PERS
Ayoub Petitjean,Ayoub,Petitjean,PERS
Richard Edwards,Richard,Edwards,PERS
Larissa Columbo,Larissa,Columbo,PERS
Laura Barnes,Laura,Barnes,PERS
Elodie Pisano,Elodie,Pisano,PERS
Bradley Lebreton,Bradley,Lebreton,PERS
Berit Beguin,Berit,Beguin,PERS
Tony Adryaens,Tony,Adryaens,PERS
Gilbert Marty,Gilbert,Marty,PERS
Sabine Langern,Sabine,Langern,PERS
Lucrezia Corbat,Lucrezia,Corbat,PERS
Rodrigo Jungfer,Rodrigo,Jungfer,PERS
Gastón Baker,Gastón,Baker,PERS
Barry Aguirre,Barry,Aguirre,PERS
Ainara Pelletier,Ainara,Pelletier,PERS
Stewart Hughes,Stewart,Hughes,PERS
Noé Holloway,Noé,Holloway,PERS
Christian van der Ven,Christian,van der Ven,PERS
Irina Coigny,Irina,Coigny,PERS
Calixta Mota,Calixta,Mota,PERS
Carina Wilson,Carina,Wilson,PERS
Simone Barbosa,Simone,Barbosa,PERS
Beatrice Bohnbach,Beatrice,Bohnbach,PERS
Rosie Garcia,Rosie,Garcia,PERS
Yfke Nelson,Yfke,Nelson,PERS
Jan Pietrangeli,Jan,Pietrangeli,PERS
Justin Jähn,Justin,Jähn,PERS
Marcel Alexander,Marcel,Alexander,PERS
Melina Pereira,Melina,Pereira,PERS
Sandra Baum,Sandra,Baum,PERS
Thérèse Bonvini,Thérèse,Bonvini,PERS
Sérgio Renaud,Sérgio,Renaud,PERS
Martine Rodriguez,Martine,Rodriguez,PERS
Olalla Newton,Olalla,Newton,PERS
Joseph Peukert,Joseph,Peukert,PERS
Jesús Butler,Jesús,Butler,PERS
Isa Henry,Isa,Henry,PERS
Keith Dupuis,Keith,Dupuis,PERS
Hugo Barbosa,Hugo,Barbosa,PERS
Lupita Burke,Lupita,Burke,PERS
Louise Maréchal,Louise,Maréchal,PERS
Vincent Evans,Vincent,Evans,PERS
Eliseo Kramer,Eliseo,Kramer,PERS
Manuel Holt,Manuel,Holt,PERS
Bruce Fabregat,Bruce,Fabregat,PERS
Isa Wong,Isa,Wong,PERS
Judith Spies,Judith,Spies,PERS
Guillaume Lourenço,Guillaume,Lourenço,PERS
Hendrik Somoza,Hendrik,Somoza,PERS
Emma Fallaci,Emma,Fallaci,PERS
Henri Gilliéron,Henri,Gilliéron,PERS
Mélanie Neveu,Mélanie,Neveu,PERS
Valeria Pacheco,Valeria,Pacheco,PERS
Marcia Vincent,Marcia,Vincent,PERS
Inaya Naser,Inaya,Naser,PERS
Florian Lachmann,Florian,Lachmann,PERS
Antonio Neto,Antonio,Neto,PERS
Lucy Wulff,Lucy,Wulff,PERS
Bethan Robadey,Bethan,Robadey,PERS
Robert Brown,Robert,Brown,PERS
Allan Zanazzo,Allan,Zanazzo,PERS
Samir Smith,Samir,Smith,PERS
Claudine Simonis,Claudine,Simonis,PERS
Alexandrie Fanucci,Alexandrie,Fanucci,PERS
Primitiva Chevalier,Primitiva,Chevalier,PERS
Florina Treboux,Florina,Treboux,PERS
Laura Valente,Laura,Valente,PERS
Anne Cerutti,Anne,Cerutti,PERS
Dean Becker,Dean,Becker,PERS
Casey Ferreira,Casey,Ferreira,PERS
Nicole Boiardo,Nicole,Boiardo,PERS
Joel Fraser,Joel,Fraser,PERS
Ariana Bouthoorn,Ariana,Bouthoorn,PERS
Victoria Angulo,Victoria,Angulo,PERS
Hidde Borja,Hidde,Borja,PERS
Carminho Hande,Carminho,Hande,PERS
Francesca Huijs,Francesca,Huijs,PERS
Jason Pallarès,Jason,Pallarès,PERS
Emmy Luna,Emmy,Luna,PERS
Senn Simon,Senn,Simon,PERS
Berat Ali,Berat,Ali,PERS
Floortje Dossetti,Floortje,Dossetti,PERS
Inès Batista,Inès,Batista,PERS
Daniël Espinoza,Daniël,Espinoza,PERS
Lucía Loiseau,Lucía,Loiseau,PERS
Brian Campbell,Brian,Campbell,PERS
Emma Charpié,Emma,Charpié,PERS
Myrthe Paris,Myrthe,Paris,PERS
Pierangelo Kim,Pierangelo,Kim,PERS
Paulino Varela,Paulino,Varela,PERS
Bruno Richards,Bruno,Richards,PERS
Roberta Henriques,Roberta,Henriques,PERS
James Black,James,Black,PERS
Sophie Barthelemy,Sophie,Barthelemy,PERS
Christopher Borghese,Christopher,Borghese,PERS
Prudencio Georges,Prudencio,Georges,PERS
René Hoffmann,René,Hoffmann,PERS
Zoraida Hoffmann,Zoraida,Hoffmann,PERS
Zoé Schiavone,Zoé,Schiavone,PERS
Nicola Henck,Nicola,Henck,PERS
Isidro Barral,Isidro,Barral,PERS
Geneviève Domingo,Geneviève,Domingo,PERS
Gioacchino Lima,Gioacchino,Lima,PERS
Maria Pasman,Maria,Pasman,PERS
Helmuth Vicente,Helmuth,Vicente,PERS
Ema Saudan,Ema,Saudan,PERS
Jacqueline Crispi,Jacqueline,Crispi,PERS
Esila Young,Esila,Young,PERS
Michel Smith,Michel,Smith,PERS
Sara Cabezas,Sara,Cabezas,PERS
Nuno Hill,Nuno,Hill,PERS
Ciro Amorim,Ciro,Amorim,PERS
Véronique Wong,Véronique,Wong,PERS
Rodney Togliatti,Rodney,Togliatti,PERS
Hélène Hübel,Hélène,Hübel,PERS
Tiziano Thanel,Tiziano,Thanel,PERS
Luis Tudela,Luis,Tudela,PERS
Ruth Vasari,Ruth,Vasari,PERS
Roman Briand,Roman,Briand,PERS
Antonino Maréchal,Antonino,Maréchal,PERS
Raffaello Barman,Raffaello,Barman,PERS
Stéphanie Davies,Stéphanie,Davies,PERS
Claudine Friehus,Claudine,Friehus,PERS
Hannah Geisel,Hannah,Geisel,PERS
Giuseppe Brito,Giuseppe,Brito,PERS
Hans-Günther Mazzini,Hans-Günther,Mazzini,PERS
Odalys Vidoni,Odalys,Vidoni,PERS
Margot Marie,Margot,Marie,PERS
Madeleine die Witte,Madeleine,die Witte,PERS
Alexander King,Alexander,King,PERS
Zakaria van de Biesenbos,Zakaria,van de Biesenbos,PERS
Atilio Barbosa,Atilio,Barbosa,PERS
Ayoub Pacetti,Ayoub,Pacetti,PERS
Alicia Segebahn,Alicia,Segebahn,PERS
Benvenuto Junk,Benvenuto,Junk,PERS
Roland Humbert,Roland,Humbert,PERS
Riza Mottiez,Riza,Mottiez,PERS
Jules Hervé,Jules,Hervé,PERS
Robert Trapanese,Robert,Trapanese,PERS
Darren Crevoisier,Darren,Crevoisier,PERS
Reece Galland,Reece,Galland,PERS
Seth Chevresson,Seth,Chevresson,PERS
Bas Kwaadland,Bas,Kwaadland,PERS
Melissa Alves,Melissa,Alves,PERS
Marie van Rossum,Marie,van Rossum,PERS
Heather Arana,Heather,Arana,PERS
John Thies,John,Thies,PERS
Alfredo Blonk,Alfredo,Blonk,PERS
Vasco Azorin,Vasco,Azorin,PERS
Frédérique Cross,Frédérique,Cross,PERS
Kevin Kreusel,Kevin,Kreusel,PERS
Lot van Enschot,Lot,van Enschot,PERS
Hendrik Chauvet,Hendrik,Chauvet,PERS
Yvonne Robert,Yvonne,Robert,PERS
Nathalie Salvo,Nathalie,Salvo,PERS
Marianne den Buytelaar,Marianne,den Buytelaar,PERS
Roberta Simon,Roberta,Simon,PERS
Joana Torres,Joana,Torres,PERS
Thierry Brandt,Thierry,Brandt,PERS
Charles Jones,Charles,Jones,PERS
Agustín Wolters,Agustín,Wolters,PERS
Cristiano Lanfranchi,Cristiano,Lanfranchi,PERS
Simone Graham,Simone,Graham,PERS
Ettore Cornut,Ettore,Cornut,PERS
Pascal Giménez,Pascal,Giménez,PERS
Yvonne Schelvis,Yvonne,Schelvis,PERS
James Carraux,James,Carraux,PERS
Elizabeth Gilliéron,Elizabeth,Gilliéron,PERS
Jérôme Córdoba,Jérôme,Córdoba,PERS
Pastora Fonjallaz,Pastora,Fonjallaz,PERS
Judith Bailey,Judith,Bailey,PERS
Amleto Juliá,Amleto,Juliá,PERS
Iara Bouvet,Iara,Bouvet,PERS
Tara Schleich,Tara,Schleich,PERS
Cristina Potts,Cristina,Potts,PERS
Adelmo Robinson,Adelmo,Robinson,PERS
Vince Palmer,Vince,Palmer,PERS
Jacques Wutke,Jacques,Wutke,PERS
Candelas Bonnet,Candelas,Bonnet,PERS
Liberto Otto,Liberto,Otto,PERS
Alexandre Ahmed,Alexandre,Ahmed,PERS
Cornelia Mace,Cornelia,Mace,PERS
Jayne Paffrath,Jayne,Paffrath,PERS
Yara Tinguely,Yara,Tinguely,PERS
Jaylinn Abreu,Jaylinn,Abreu,PERS
Alexandria Bowman,Alexandria,Bowman,PERS
Laura Bondumier,Laura,Bondumier,PERS
Artur Lopez,Artur,Lopez,PERS
David Crawford,David,Crawford,PERS
Elías Walsteijn,Elías,Walsteijn,PERS
Sophie Branco,Sophie,Branco,PERS
Geneviève Martin,Geneviève,Martin,PERS
Martyn Pizzo,Martyn,Pizzo,PERS
Charles Iriarte,Charles,Iriarte,PERS
Nicholas Armani,Nicholas,Armani,PERS
Alexandre Smith,Alexandre,Smith,PERS
Jacopo Rodrigo,Jacopo,Rodrigo,PERS
Petra Trobbiani,Petra,Trobbiani,PERS
Adriana Hussain,Adriana,Hussain,PERS
Sofia Köhler,Sofia,Köhler,PERS
Suze Perea,Suze,Perea,PERS
Silvia Menard,Silvia,Menard,PERS
Pippa Castro,Pippa,Castro,PERS
Filipa Page,Filipa,Page,PERS
Wilson Benard,Wilson,Benard,PERS
David Gosselin,David,Gosselin,PERS
Janna Robadey,Janna,Robadey,PERS
Joseph Fischer,Joseph,Fischer,PERS
Margarida Gomes,Margarida,Gomes,PERS
Jorge Thompson,Jorge,Thompson,PERS
Kévim Potters,Kévim,Potters,PERS
Alma Simpson,Alma,Simpson,PERS
Heather Leclercq,Heather,Leclercq,PERS
Raquel Vogt,Raquel,Vogt,PERS
Liliane Kraus,Liliane,Kraus,PERS
Roger Mengolo,Roger,Mengolo,PERS
Ronnie Henschel,Ronnie,Henschel,PERS
Jacqueline Arroyo,Jacqueline,Arroyo,PERS
Luisina Huijbrechts,Luisina,Huijbrechts,PERS
Becky Silva,Becky,Silva,PERS
Laurence Comas,Laurence,Comas,PERS
Hugo Roselló,Hugo,Roselló,PERS
Joseph Cassarà,Joseph,Cassarà,PERS
Liliana Grifeo,Liliana,Grifeo,PERS
Araceli Neves,Araceli,Neves,PERS
Gina Rosselet,Gina,Rosselet,PERS
Isabelle Geisel,Isabelle,Geisel,PERS
Gianni Martineau,Gianni,Martineau,PERS
Gisa Hardy,Gisa,Hardy,PERS
Timothy Vallée,Timothy,Vallée,PERS
Toni Goldstein,Toni,Goldstein,PERS
Ariel Rico,Ariel,Rico,PERS
Tina Jones,Tina,Jones,PERS
Nicole Julián,Nicole,Julián,PERS
Vera Erhout,Vera,Erhout,PERS
Ahmet Shields,Ahmet,Shields,PERS
Lucas auch Schlauchin,Lucas,auch Schlauchin,PERS
Françoise Izaguirre,Françoise,Izaguirre,PERS
Sam Mottet,Sam,Mottet,PERS
Martin Milla,Martin,Milla,PERS
Artur Beguin,Artur,Beguin,PERS
Mathieu Chan,Mathieu,Chan,PERS
Michel Heymans,Michel,Heymans,PERS
Amanda Martin,Amanda,Martin,PERS
Karl Carosone,Karl,Carosone,PERS
Reinhardt Páez,Reinhardt,Páez,PERS
Katy Daza,Katy,Daza,PERS
Bruno Maestre,Bruno,Maestre,PERS
Waltraut Bonanno,Waltraut,Bonanno,PERS
Roland Pichon,Roland,Pichon,PERS
Miriam Bernat,Miriam,Bernat,PERS
Finn Moura,Finn,Moura,PERS
Lodovico Martins,Lodovico,Martins,PERS
Victor Dennis,Victor,Dennis,PERS
Jana Venier,Jana,Venier,PERS
Melissa Simões,Melissa,Simões,PERS
Clara Vaillant,Clara,Vaillant,PERS
Noël Edwards,Noël,Edwards,PERS
André van Ginneke,André,van Ginneke,PERS
Alejo Schrant,Alejo,Schrant,PERS
Cas Hentschel,Cas,Hentschel,PERS
David de Nijs,David,de Nijs,PERS
Deborah McDonald,Deborah,McDonald,PERS
Daniel van Leeuwen,Daniel,van Leeuwen,PERS
Giulia Otero,Giulia,Otero,PERS
Leonardo Geraci,Leonardo,Geraci,PERS
Manuela Corpataux,Manuela,Corpataux,PERS
Teresa Clarke,Teresa,Clarke,PERS
Mariana Smith,Mariana,Smith,PERS
Chuy Zola,Chuy,Zola,PERS
Slavica Allen,Slavica,Allen,PERS
Sara Cerdán,Sara,Cerdán,PERS
Rowan Nunes,Rowan,Nunes,PERS
Troy Sousa,Troy,Sousa,PERS
Victoria Bahon,Victoria,Bahon,PERS
Lina Richardson,Lina,Richardson,PERS
Morena Gimeno,Morena,Gimeno,PERS
François van de Biesenbos,François,van de Biesenbos,PERS
Aloisia Kitzmann,Aloisia,Kitzmann,PERS
Victor Manuel Cerquiglini,Victor Manuel,Cerquiglini,PERS
Donald Webb,Donald,Webb,PERS
Jean-Pierre Marty,Jean-Pierre,Marty,PERS
Teresa Drewes,Teresa,Drewes,PERS
Ofelia Belda,Ofelia,Belda,PERS
Maurice Reid,Maurice,Reid,PERS
Curro Scardino,Curro,Scardino,PERS
Agathe Barbe,Agathe,Barbe,PERS
Valérie Stoll,Valérie,Stoll,PERS
Ângelo Vicente,Ângelo,Vicente,PERS
Ramón Nohlmans,Ramón,Nohlmans,PERS
Stella Alves,Stella,Alves,PERS
Giampiero Charles,Giampiero,Charles,PERS
Stephen Maia,Stephen,Maia,PERS
Simão Cretton,Simão,Cretton,PERS
Eitel Wolzak,Eitel,Wolzak,PERS
Gelsomina Priego,Gelsomina,Priego,PERS
Peter Smith,Peter,Smith,PERS
Zaida van Beieren,Zaida,van Beieren,PERS
Jade Putz,Jade,Putz,PERS
Ana Robadey,Ana,Robadey,PERS
Lilla Carneiro,Lilla,Carneiro,PERS
Christian Miranda,Christian,Miranda,PERS
Flora Spruyt,Flora,Spruyt,PERS
Selena Morpurgo,Selena,Morpurgo,PERS
Edu Miranda,Edu,Miranda,PERS
Amélie Guyot,Amélie,Guyot,PERS
Patricia Davis,Patricia,Davis,PERS
Angela Martinez,Angela,Martinez,PERS
Lucas Ahmed,Lucas,Ahmed,PERS
Luísa van Hoevel en van Zwindrecht,Luísa,van Hoevel en van Zwindrecht,PERS
Laurent Simeoni,Laurent,Simeoni,PERS
Noa Viñas,Noa,Viñas,PERS
Mayte Watson,Mayte,Watson,PERS
Alejandra Jacques,Alejandra,Jacques,PERS
Noël Figuerola,Noël,Figuerola,PERS
Leah Giménez,Leah,Giménez,PERS
Frederique Kramer,Frederique,Kramer,PERS
Ernesto Conde,Ernesto,Conde,PERS
Dario de Bruijn,Dario,de Bruijn,PERS
Basilio Comte,Basilio,Comte,PERS
Ennio Collins,Ennio,Collins,PERS
Alan Bosch,Alan,Bosch,PERS
Joshua Ditschlerin,Joshua,Ditschlerin,PERS
Christian Esteban,Christian,Esteban,PERS
Giacomo Techer,Giacomo,Techer,PERS
Maxime Smith,Maxime,Smith,PERS
Bruna Dörr,Bruna,Dörr,PERS
Jodie Coreth von und zu Coredo und Starkenberg,Jodie,Coreth von und zu Coredo und Starkenberg,PERS
António Uphus,António,Uphus,PERS
Valérie Smith,Valérie,Smith,PERS
Falk Geisler,Falk,Geisler,PERS
Carl Magalhães,Carl,Magalhães,PERS
Declan Milanesi,Declan,Milanesi,PERS
Emmerich le Gulcher,Emmerich,le Gulcher,PERS
Julie Magalhães,Julie,Magalhães,PERS
Martina Jeggij,Martina,Jeggij,PERS
Maggie Guidotti,Maggie,Guidotti,PERS
Friedlinde Bolzmann,Friedlinde,Bolzmann,PERS
Lilla Kraus,Lilla,Kraus,PERS
Caroline Renault,Caroline,Renault,PERS
Kyan Davies,Kyan,Davies,PERS
Leah Bautista,Leah,Bautista,PERS
Coluccio Soto,Coluccio,Soto,PERS
Arthur Schouten,Arthur,Schouten,PERS
Giosuè Cornejo,Giosuè,Cornejo,PERS
Luís Costa,Luís,Costa,PERS
Mathilde Matile,Mathilde,Matile,PERS
Donna Garcia,Donna,Garcia,PERS
Sandra Smart,Sandra,Smart,PERS
Gustavo Vicente,Gustavo,Vicente,PERS
Thijn Albers,Thijn,Albers,PERS
Hans-Michael Bousquet,Hans-Michael,Bousquet,PERS
Leon Edwards,Leon,Edwards,PERS
Cipriano Chatriant,Cipriano,Chatriant,PERS
Ortrud Tinguely,Ortrud,Tinguely,PERS
Michael Cossy,Michael,Cossy,PERS
Lukas Hernandez,Lukas,Hernandez,PERS
Annelene Sanmartín,Annelene,Sanmartín,PERS
Honoré Fox,Honoré,Fox,PERS
Andrew Macedo,Andrew,Macedo,PERS
Antoinette Antunes,Antoinette,Antunes,PERS
Enzo Esteves,Enzo,Esteves,PERS
Íngrid Langern,Íngrid,Langern,PERS
Sébastien van den Eerenbeemt,Sébastien,van den Eerenbeemt,PERS
Pauline Stout,Pauline,Stout,PERS
Clara Guicciardini,Clara,Guicciardini,PERS
Benjamin Steinberg,Benjamin,Steinberg,PERS
Márcio Niquille,Márcio,Niquille,PERS
Gaetano Barbosa,Gaetano,Barbosa,PERS
André Correia,André,Correia,PERS
Rosario May,Rosario,May,PERS
Amado Borges,Amado,Borges,PERS
Sophie Coigny,Sophie,Coigny,PERS
Pilar Roose,Pilar,Roose,PERS
Benoît Bennett,Benoît,Bennett,PERS
Frédéric Monney,Frédéric,Monney,PERS
Kathryn Bejarano,Kathryn,Bejarano,PERS
Flor Romanens,Flor,Romanens,PERS
Dana Dubey,Dana,Dubey,PERS
Costantino Steckel,Costantino,Steckel,PERS
Germaine Griffiths,Germaine,Griffiths,PERS
Joel Marty,Joel,Marty,PERS
Ariana Mens,Ariana,Mens,PERS
Vanessa Wicht,Vanessa,Wicht,PERS
James Barberá,James,Barberá,PERS
Romy Peterse,Romy,Peterse,PERS
Marcos Alves,Marcos,Alves,PERS
Lorena Cuevas,Lorena,Cuevas,PERS
Bernard Rosselet,Bernard,Rosselet,PERS
Liesbeth Speijer,Liesbeth,Speijer,PERS
Carmen Guariento,Carmen,Guariento,PERS
Honoré Melo,Honoré,Melo,PERS
Noa Russell,Noa,Russell,PERS
Noa Ocaña,Noa,Ocaña,PERS
Íngrid Boada,Íngrid,Boada,PERS
Nathan Vaillant,Nathan,Vaillant,PERS
Nerea Bentley,Nerea,Bentley,PERS
Lisa Ribas,Lisa,Ribas,PERS
Friedrich-Karl Zorrilla,Friedrich-Karl,Zorrilla,PERS
Laurenz Hudson,Laurenz,Hudson,PERS
Nathan Henderson,Nathan,Henderson,PERS
Rosie Mary,Rosie,Mary,PERS
Alphonse Powell,Alphonse,Powell,PERS
Christophe Winkler,Christophe,Winkler,PERS
Brooke Koch,Brooke,Koch,PERS
Eckard Bowen,Eckard,Bowen,PERS
William Rhodes,William,Rhodes,PERS
Olalla Iglesia,Olalla,Iglesia,PERS
Amanda Thompson,Amanda,Thompson,PERS
Chelsea Donà,Chelsea,Donà,PERS
Arie Deladoëy,Arie,Deladoëy,PERS
André Meyer,André,Meyer,PERS
Lizzy Machado,Lizzy,Machado,PERS
Céline Eaton,Céline,Eaton,PERS
Roland Blanchard,Roland,Blanchard,PERS
Molly Wagner,Molly,Wagner,PERS
Anatolij Hamann,Anatolij,Hamann,PERS
Joana Walker,Joana,Walker,PERS
Clarisa Gilmore,Clarisa,Gilmore,PERS
Max Bondumier,Max,Bondumier,PERS
Matthew Morais,Matthew,Morais,PERS
Lorena van der Maes,Lorena,van der Maes,PERS
Benedita Borges,Benedita,Borges,PERS
Stéphanie van der Spaendonck,Stéphanie,van der Spaendonck,PERS
Tijs Barzini,Tijs,Barzini,PERS
Denise Pollard,Denise,Pollard,PERS
Gundula Townsend,Gundula,Townsend,PERS
Eli Fernandes,Eli,Fernandes,PERS
Carminho Bourdon,Carminho,Bourdon,PERS
Célina Crivelli,Célina,Crivelli,PERS
Luísa Henry,Luísa,Henry,PERS
Sara Bos,Sara,Bos,PERS
Aimée Thomas,Aimée,Thomas,PERS
Ulrich Martorell,Ulrich,Martorell,PERS
Lara Mallet,Lara,Mallet,PERS
Eva Hermighausen,Eva,Hermighausen,PERS
Carla Dumas,Carla,Dumas,PERS
Gioele Riera,Gioele,Riera,PERS
Bruna Burke,Bruna,Burke,PERS
Kimberly Jäntsch,Kimberly,Jäntsch,PERS
Berta Rousselet,Berta,Rousselet,PERS
Geneviève Veenstra,Geneviève,Veenstra,PERS
Gundolf Lecomte,Gundolf,Lecomte,PERS
Mario Broeckx,Mario,Broeckx,PERS
Evelien van der Ploeg,Evelien,van der Ploeg,PERS
Aaliyah Balmat,Aaliyah,Balmat,PERS
Bryan van Noordeloos,Bryan,van Noordeloos,PERS
Rodrigo Miranda,Rodrigo,Miranda,PERS
Lola Ford,Lola,Ford,PERS
Mary Cummings,Mary,Cummings,PERS
Sandro Mota,Sandro,Mota,PERS
Danilo Meister,Danilo,Meister,PERS
Edoardo Stanley,Edoardo,Stanley,PERS
Loes Eelman,Loes,Eelman,PERS
Yvette Bernard,Yvette,Bernard,PERS
Caroline Gonçalves,Caroline,Gonçalves,PERS
Julie Rossellini,Julie,Rossellini,PERS
Lewis Fo,Lewis,Fo,PERS
Isidoro Alcolea,Isidoro,Alcolea,PERS
Luana Robadey,Luana,Robadey,PERS
Morris Hughes,Morris,Hughes,PERS
Greco Georges,Greco,Georges,PERS
Michelle Carraud,Michelle,Carraud,PERS
Gottfried Barth,Gottfried,Barth,PERS
Véronique Jurrijens,Véronique,Jurrijens,PERS
Benjamin Procacci,Benjamin,Procacci,PERS
Jay Masseron,Jay,Masseron,PERS
Marthe Colom,Marthe,Colom,PERS
Victoria Badan,Victoria,Badan,PERS
Hugo Ramis,Hugo,Ramis,PERS
Ignacia Florio,Ignacia,Florio,PERS
Lizz Nogueira,Lizz,Nogueira,PERS
Marina Gonçalves,Marina,Gonçalves,PERS
Salomé Verhoeven,Salomé,Verhoeven,PERS
Juul Aubert,Juul,Aubert,PERS
Jules Hammond,Jules,Hammond,PERS
Isa Lambert,Isa,Lambert,PERS
Jonathan Paiva,Jonathan,Paiva,PERS
Juan Francisco Mur,Juan Francisco,Mur,PERS
Célina Colletti,Célina,Colletti,PERS
Fridolin Heinz,Fridolin,Heinz,PERS
Noah Morin,Noah,Morin,PERS
Scott Gonzalez,Scott,Gonzalez,PERS
Marcela Guillén,Marcela,Guillén,PERS
Carlos Belletini,Carlos,Belletini,PERS
Lucas Simões,Lucas,Simões,PERS
Jaqueline Barros,Jaqueline,Barros,PERS
Bernarda Thorens,Bernarda,Thorens,PERS
Alyssa auch Schlauchin,Alyssa,auch Schlauchin,PERS
Alfred Guyon,Alfred,Guyon,PERS
Rita Peltier,Rita,Peltier,PERS
Romina Matile,Romina,Matile,PERS
Patricia Sansonnens,Patricia,Sansonnens,PERS
Frederico Núñez,Frederico,Núñez,PERS
Renske Giunti,Renske,Giunti,PERS
Natasha Freitas,Natasha,Freitas,PERS
Jolanda Monteverdi,Jolanda,Monteverdi,PERS
Stanley Isella,Stanley,Isella,PERS
Katherine Mota,Katherine,Mota,PERS
Jemma Solera,Jemma,Solera,PERS
Félix Macedo,Félix,Macedo,PERS
Gordon Borrell,Gordon,Borrell,PERS
Barry Rocha,Barry,Rocha,PERS
Anouk Johann,Anouk,Johann,PERS
Bernardo Costa,Bernardo,Costa,PERS
Albina Drub,Albina,Drub,PERS
Irmgard Lemaire,Irmgard,Lemaire,PERS
Wendy Sansoni,Wendy,Sansoni,PERS
Isabella Tintzmann,Isabella,Tintzmann,PERS
Lee Tolentino,Lee,Tolentino,PERS
Samuel Bertho,Samuel,Bertho,PERS
Nélida Borges,Nélida,Borges,PERS
Vincenzo Bosio,Vincenzo,Bosio,PERS
Amélie Chauveau,Amélie,Chauveau,PERS
Albert van de Kooij,Albert,van de Kooij,PERS
Édith Carraux,Édith,Carraux,PERS
Stacey van Dijk,Stacey,van Dijk,PERS
Ashleigh Jones,Ashleigh,Jones,PERS
Wolf-Dietrich Délèze,Wolf-Dietrich,Délèze,PERS
Frieda Paris,Frieda,Paris,PERS
Mohammad Lewis,Mohammad,Lewis,PERS
Jane Johnson,Jane,Johnson,PERS
Mara Bettin,Mara,Bettin,PERS
Anatoli Guilbert,Anatoli,Guilbert,PERS
Edwin Chaudet,Edwin,Chaudet,PERS
Giovanni Vendrell,Giovanni,Vendrell,PERS
James Seifert,James,Seifert,PERS
Jeanne Bruder,Jeanne,Bruder,PERS
Bo Treccani,Bo,Treccani,PERS
Francesca Montes,Francesca,Montes,PERS
Brian Walsh,Brian,Walsh,PERS
Martin Francillon,Martin,Francillon,PERS
Michela Neves,Michela,Neves,PERS
Michael Edwards,Michael,Edwards,PERS
Diego Mcgee,Diego,Mcgee,PERS
Laetitia Alves,Laetitia,Alves,PERS
Julián Becker,Julián,Becker,PERS
Olivia Núñez,Olivia,Núñez,PERS
Ema Rörricht,Ema,Rörricht,PERS
Carol Overeem,Carol,Overeem,PERS
Daniel Ridder,Daniel,Ridder,PERS
Alexandre Delaunay,Alexandre,Delaunay,PERS
Cloe Ávila,Cloe,Ávila,PERS
Beverley Margraf,Beverley,Margraf,PERS
Telse Rippey,Telse,Rippey,PERS
Michelle Maia,Michelle,Maia,PERS
Pénélope Klemm,Pénélope,Klemm,PERS
Klemens Le Goff,Klemens,Le Goff,PERS
Baccio Matthäi,Baccio,Matthäi,PERS
Elisa Smith,Elisa,Smith,PERS
Jake Campo,Jake,Campo,PERS
Edoardo Requena,Edoardo,Requena,PERS
Mira Marchal,Mira,Marchal,PERS
Manu Guarato,Manu,Guarato,PERS
Christiane Casadei,Christiane,Casadei,PERS
Danielle Walsteijn,Danielle,Walsteijn,PERS
Sylwia Kitzmann,Sylwia,Kitzmann,PERS
Norma Paccot,Norma,Paccot,PERS
Abilio Scott,Abilio,Scott,PERS
Yves Perea,Yves,Perea,PERS
Dion Wever,Dion,Wever,PERS
Sara Ingram,Sara,Ingram,PERS
Leonel Nunes,Leonel,Nunes,PERS
Sophia Prat,Sophia,Prat,PERS
Rembrandt Rossellat,Rembrandt,Rossellat,PERS
Claudio Romanens,Claudio,Romanens,PERS
Amanda Rubio,Amanda,Rubio,PERS
Floris Mercier,Floris,Mercier,PERS
Ewa Renner,Ewa,Renner,PERS
Gustavo Descamps,Gustavo,Descamps,PERS
Ranieri Lourenço,Ranieri,Lourenço,PERS
Megan Beuret,Megan,Beuret,PERS
Piergiorgio Green,Piergiorgio,Green,PERS
Venancio Álvarez,Venancio,Álvarez,PERS
Emilie Costalonga,Emilie,Costalonga,PERS
Zoé Acosta,Zoé,Acosta,PERS
Calixta Hernandez,Calixta,Hernandez,PERS
Demetrio Grosjean,Demetrio,Grosjean,PERS
Alberico Bouvier,Alberico,Bouvier,PERS
Stéphanie Henriques,Stéphanie,Henriques,PERS
Laurens King,Laurens,King,PERS
Ani Lebreton,Ani,Lebreton,PERS
Kristina Leclerc,Kristina,Leclerc,PERS
Reyes Todd,Reyes,Todd,PERS
Milena Gutierrez,Milena,Gutierrez,PERS
Luciana Haack,Luciana,Haack,PERS
Keith Baker,Keith,Baker,PERS
Astrid Carneiro,Astrid,Carneiro,PERS
Edward de Swart,Edward,de Swart,PERS
Henri Privet,Henri,Privet,PERS
Dex Grojean,Dex,Grojean,PERS
Hugues Cosandey,Hugues,Cosandey,PERS
Pepito Faria,Pepito,Faria,PERS
Tyler Mary,Tyler,Mary,PERS
Joy Huijbrechts,Joy,Huijbrechts,PERS
Julia Villa,Julia,Villa,PERS
Alice Oderwald,Alice,Oderwald,PERS
Simone Walter,Simone,Walter,PERS
Paul Bailly,Paul,Bailly,PERS
Amor Rossellat,Amor,Rossellat,PERS
Ascensión Esteves,Ascensión,Esteves,PERS
Mário Vieira,Mário,Vieira,PERS
Odette Fisher,Odette,Fisher,PERS
Miguel Heyne,Miguel,Heyne,PERS
Fiene Patel,Fiene,Patel,PERS
Sébastien Cazorla,Sébastien,Cazorla,PERS
Emmanuel Galilei,Emmanuel,Galilei,PERS
Jayden Tomé,Jayden,Tomé,PERS
Madeleine Beurret,Madeleine,Beurret,PERS
Lucio Dufour,Lucio,Dufour,PERS
Jay Rodriguez,Jay,Rodriguez,PERS
Kristine Steckel,Kristine,Steckel,PERS
Irina Scalfaro,Irina,Scalfaro,PERS
Wei Pan,Wei,Pan,PERS
Jun Jia,Jun,Jia,PERS
I-CHUN Saito,I-CHUN,Saito,PERS
HSIU-YING Qiu,HSIU-YING,Qiu,PERS
Osamu Yan,Osamu,Yan,PERS
Chiyo Zhang,Chiyo,Zhang,PERS
Tomoya Huang,Tomoya,Huang,PERS
CHENG-EN Wu,CHENG-EN,Wu,PERS
Akira Yamamoto,Akira,Yamamoto,PERS
Fang KUO,Fang,KUO,PERS
CHIN-LIEN TAI,CHIN-LIEN,TAI,PERS
MEI-YING Sato,MEI-YING,Sato,PERS
HSIU-FENG Mo,HSIU-FENG,Mo,PERS
MEI-HUI CHOU,MEI-HUI,CHOU,PERS
Ming Xie,Ming,Xie,PERS
MEI-LAN Sato,MEI-LAN,Sato,PERS
Yan Cheng,Yan,Cheng,PERS
Ming Zhou,Ming,Zhou,PERS
Fang Yang,Fang,Yang,PERS
Yang Shimizu,Yang,Shimizu,PERS
MING-TE LIN,MING-TE,LIN,PERS
HSIN-HUNG Shimizu,HSIN-HUNG,Shimizu,PERS
CHIEN-CHUNG Ito,CHIEN-CHUNG,Ito,PERS
Jing Gu,Jing,Gu,PERS
CHIA-JUNG TSAI,CHIA-JUNG,TSAI,PERS
Xiulan Yamamoto,Xiulan,Yamamoto,PERS
Rika Yan,Rika,Yan,PERS
Osamu Ren,Osamu,Ren,PERS
Mai JEN,Mai,JEN,PERS
HUI-MEI Nakamura,HUI-MEI,Nakamura,PERS
MEI-LING CHUANG,MEI-LING,CHUANG,PERS
Yuki Matsumoto,Yuki,Matsumoto,PERS
YUEH-O LIN,YUEH-O,LIN,PERS
Mai Lu,Mai,Lu,PERS
Ping CHEN,Ping,CHEN,PERS
Chao Huang,Chao,Huang,PERS
Maaya TIEN,Maaya,TIEN,PERS
Miki Ye,Miki,Ye,PERS
TZU-HSIANG Zhu,TZU-HSIANG,Zhu,PERS
Lei CHEN,Lei,CHEN,PERS
LI-CHU Yan,LI-CHU,Yan,PERS
I-CHING Abe,I-CHING,Abe,PERS
Tsubasa Huang,Tsubasa,Huang,PERS
YA-TING Zhou,YA-TING,Zhou,PERS
Wei Kobayashi,Wei,Kobayashi,PERS
Jing Matsumoto,Jing,Matsumoto,PERS
Ping Jia,Ping,Jia,PERS
CHING-I Yamada,CHING-I,Yamada,PERS
Asuka CHOU,Asuka,CHOU,PERS
MEI-YUN Fujiwara,MEI-YUN,Fujiwara,PERS
Li CHEN,Li,CHEN,PERS
Chao Ishikawa,Chao,Ishikawa,PERS
Li LIN,Li,LIN,PERS
Yosuke Hayashi,Yosuke,Hayashi,PERS
YU-LAN Kondo,YU-LAN,Kondo,PERS
Ryosuke PAN,Ryosuke,PAN,PERS
Taichi TIEN,Taichi,TIEN,PERS
Hanako Feng,Hanako,Feng,PERS
Jie Yamamoto,Jie,Yamamoto,PERS
Naoto Suzuki,Naoto,Suzuki,PERS
Yan Gao,Yan,Gao,PERS
Li Liang,Li,Liang,PERS
SHU-FEN Guo,SHU-FEN,Guo,PERS
CHIH-HAO CHOU,CHIH-HAO,CHOU,PERS
Sayuri Sato,Sayuri,Sato,PERS
Nanami Watanabe,Nanami,Watanabe,PERS
Shota Tan,Shota,Tan,PERS
Kenichi Goto,Kenichi,Goto,PERS
Yang Kong,Yang,Kong,PERS
Li CHEN,Li,CHEN,PERS
CHUN-CHIEH CHEN,CHUN-CHIEH,CHEN,PERS
Hanako Sasaki,Hanako,Sasaki,PERS
WEN-HSIUNG CHEN,WEN-HSIUNG,CHEN,PERS
KUAN-YU SU,KUAN-YU,SU,PERS
SHENG-HSIUNG YEH,SHENG-HSIUNG,YEH,PERS
WEN-HSIANG CHOU,WEN-HSIANG,CHOU,PERS
Guiying Takahashi,Guiying,Takahashi,PERS
Jing HUNG,Jing,HUNG,PERS
CHUN-CHIEH Kondo,CHUN-CHIEH,Kondo,PERS
Yuki HSIEH,Yuki,HSIEH,PERS
CHIN-LIEN CHAO,CHIN-LIEN,CHAO,PERS
Yuta PENG,Yuta,PENG,PERS
PI-CHU CHEN,PI-CHU,CHEN,PERS
Chao Ogawa,Chao,Ogawa,PERS
HUI-MEI Watanabe,HUI-MEI,Watanabe,PERS
Lei Xia,Lei,Xia,PERS
Naoto Mo,Naoto,Mo,PERS
SHU-FANG Yi,SHU-FANG,Yi,PERS
Yui TSAI,Yui,TSAI,PERS
CHUN-HSIEN NI,CHUN-HSIEN,NI,PERS
SHENG-HSIUNG Wen,SHENG-HSIUNG,Wen,PERS
CHIEN-CHIH Inoue,CHIEN-CHIH,Inoue,PERS
LI-HUA Sun,LI-HUA,Sun,PERS
LI-CHU Abe,LI-CHU,Abe,PERS
LI-CHEN TSOU,LI-CHEN,TSOU,PERS
MING-CHU FU,MING-CHU,FU,PERS
Chao Fujiwara,Chao,Fujiwara,PERS
Kana KAO,Kana,KAO,PERS
LI-CHING CHEN,LI-CHING,CHEN,PERS
Fang Yamashita,Fang,Yamashita,PERS
YU-FENG Gong,YU-FENG,Gong,PERS
Xia Takahashi,Xia,Takahashi,PERS
Xiuying Xia,Xiuying,Xia,PERS
Maaya Tang,Maaya,Tang,PERS
Xiuying Wu,Xiuying,Wu,PERS
Jun TSAI,Jun,TSAI,PERS
CHIH-HAO PAN,CHIH-HAO,PAN,PERS
HSIU-CHU LIN,HSIU-CHU,LIN,PERS
YU-CHEN Wen,YU-CHEN,Wen,PERS
PAI-LIN Nakamura,PAI-LIN,Nakamura,PERS
Momoko Tanaka,Momoko,Tanaka,PERS
Min Zheng,Min,Zheng,PERS
Ping Guo,Ping,Guo,PERS
Li TSOU,Li,TSOU,PERS
CHUN-YU LIN,CHUN-YU,LIN,PERS
Fang Suzuki,Fang,Suzuki,PERS
Yumiko CHEN,Yumiko,CHEN,PERS
YU-LING CHEN,YU-LING,CHEN,PERS
Naoto Ito,Naoto,Ito,PERS
Jun Sato,Jun,Sato,PERS
TZU-CHEN Watanabe,TZU-CHEN,Watanabe,PERS
Tomoya Goto,Tomoya,Goto,PERS
Xiulan Takahashi,Xiulan,Takahashi,PERS
Lei HSIEH,Lei,HSIEH,PERS
Jie TSAI,Jie,TSAI,PERS
Chao Du,Chao,Du,PERS
Jing Yamaguchi,Jing,Yamaguchi,PERS
CHIA-JUNG Hu,CHIA-JUNG,Hu,PERS
SHU-CHING LIN,SHU-CHING,LIN,PERS
MEI-YUN Fujita,MEI-YUN,Fujita,PERS
WEN-PIN Zeng,WEN-PIN,Zeng,PERS
Kenichi Jin,Kenichi,Jin,PERS
WEN-HSIUNG Cui,WEN-HSIUNG,Cui,PERS
Mituru SUNG,Mituru,SUNG,PERS
SHU-CHING Sasaki,SHU-CHING,Sasaki,PERS
Hanako Yin,Hanako,Yin,PERS
Taichi Cao,Taichi,Cao,PERS
Ryosuke LIANG,Ryosuke,LIANG,PERS
HSIU-YING Takahashi,HSIU-YING,Takahashi,PERS
YA-TING Nakamura,YA-TING,Nakamura,PERS
Yan Watanabe,Yan,Watanabe,PERS
CHIH-CHIANG Lei,CHIH-CHIANG,Lei,PERS
Sayuri CHEN,Sayuri,CHEN,PERS
Xia TSAI,Xia,TSAI,PERS
Ming LIN,Ming,LIN,PERS
Lei Ota,Lei,Ota,PERS
Na MA,Na,MA,PERS
Shota CHEN,Shota,CHEN,PERS
Kana Zheng,Kana,Zheng,PERS
SHU-CHEN Yuan,SHU-CHEN,Yuan,PERS
HSIU-CHIN PENG,HSIU-CHIN,PENG,PERS
Jing Guo,Jing,Guo,PERS
Min Cui,Min,Cui,PERS
SHIH-MING Goto,SHIH-MING,Goto,PERS
Na Saito,Na,Saito,PERS
MING-TE Guo,MING-TE,Guo,PERS
Naoko Ito,Naoko,Ito,PERS
Tao Kang,Tao,Kang,PERS
Tao Ye,Tao,Ye,PERS
MEI-LING Sasaki,MEI-LING,Sasaki,PERS
Akira Sasaki,Akira,Sasaki,PERS
Jun Saito,Jun,Saito,PERS
Ryohei Guo,Ryohei,Guo,PERS
Xia TSAO,Xia,TSAO,PERS
SHU-CHUAN Sato,SHU-CHUAN,Sato,PERS
HSIU-LAN Liao,HSIU-LAN,Liao,PERS
KUAN-YU CHEN,KUAN-YU,CHEN,PERS
Taichi Luo,Taichi,Luo,PERS
Yang LIN,Yang,LIN,PERS
PAI-HAN Nakajima,PAI-HAN,Nakajima,PERS
Na Yamamoto,Na,Yamamoto,PERS
Gang Liu,Gang,Liu,PERS
Fang LIN,Fang,LIN,PERS
CHIEN-MING Yamazaki,CHIEN-MING,Yamazaki,PERS
Yoichi Mao,Yoichi,Mao,PERS
JEN-CHIEH TSENG,JEN-CHIEH,TSENG,PERS
Gang Liang,Gang,Liang,PERS
Yumiko YEH,Yumiko,YEH,PERS
Minoru HSIEH,Minoru,HSIEH,PERS
CHIN-HSING Hashimoto,CHIN-HSING,Hashimoto,PERS
Fang Goto,Fang,Goto,PERS
Chiyo Aoki,Chiyo,Aoki,PERS
CHIA-JUNG HSU,CHIA-JUNG,HSU,PERS
Taichi TSENG,Taichi,TSENG,PERS
Fang MAO,Fang,MAO,PERS
Ming YEH,Ming,YEH,PERS
Haruka Matsuda,Haruka,Matsuda,PERS
Yui Abe,Yui,Abe,PERS
MING-HUNG Aoki,MING-HUNG,Aoki,PERS
MEI-HUA Saito,MEI-HUA,Saito,PERS
Kyosuke Sasaki,Kyosuke,Sasaki,PERS
SHU-FEN CHEN,SHU-FEN,CHEN,PERS
Xiuying KUO,Xiuying,KUO,PERS
Yuta Wei,Yuta,Wei,PERS
Akemi Sakamoto,Akemi,Sakamoto,PERS
HSIU-LING Cheng,HSIU-LING,Cheng,PERS
Yong Qian,Yong,Qian,PERS
HSIU-YU LIN,HSIU-YU,LIN,PERS
Chao Yamaguchi,Chao,Yamaguchi,PERS
Min Nakamura,Min,Nakamura,PERS
Kenichi Song,Kenichi,Song,PERS
CHIU-HSIANG Bai,CHIU-HSIANG,Bai,PERS
Gang WENG,Gang,WENG,PERS
YU-HSUAN Ye,YU-HSUAN,Ye,PERS
Naoto Han,Naoto,Han,PERS
WEN-CHANG KUO,WEN-CHANG,KUO,PERS
Haruka Gong,Haruka,Gong,PERS
Mikako PAN,Mikako,PAN,PERS
MEI-HUA TSAI,MEI-HUA,TSAI,PERS
MEI-LAN Sasaki,MEI-LAN,Sasaki,PERS
Tomoya Sato,Tomoya,Sato,PERS
Satomi Fujii,Satomi,Fujii,PERS
CHIEN-HUA Ikeda,CHIEN-HUA,Ikeda,PERS
CHENG-HSIUNG TSAI,CHENG-HSIUNG,TSAI,PERS
Jing Xiong,Jing,Xiong,PERS
Qiang LIN,Qiang,LIN,PERS
Min Xia,Min,Xia,PERS
Taichi Fang,Taichi,Fang,PERS
Kazuya HSIEH,Kazuya,HSIEH,PERS
Tsubasa Ito,Tsubasa,Ito,PERS
CHUN-MEI CHEN,CHUN-MEI,CHEN,PERS
Qiang Hou,Qiang,Hou,PERS
Ming Yi,Ming,Yi,PERS
Chiyo CHEN,Chiyo,CHEN,PERS
HUI-CHEN Ye,HUI-CHEN,Ye,PERS
YA-PING Ito,YA-PING,Ito,PERS
Gang SUN,Gang,SUN,PERS
Tomoya TSENG,Tomoya,TSENG,PERS
PIN-YU MA,PIN-YU,MA,PERS
Kazuya Fan,Kazuya,Fan,PERS
Yui Qin,Yui,Qin,PERS
Ming HUNG,Ming,HUNG,PERS
I-CHUN LIANG,I-CHUN,LIANG,PERS
Akira Zheng,Akira,Zheng,PERS
LI-CHUAN Yi,LI-CHUAN,Yi,PERS
Jing Sun,Jing,Sun,PERS
CHENG-HAN Cui,CHENG-HAN,Cui,PERS
Ryosuke Yamada,Ryosuke,Yamada,PERS
LI-HSIANG LIN,LI-HSIANG,LIN,PERS
Yumiko Suzuki,Yumiko,Suzuki,PERS
Kana Sakamoto,Kana,Sakamoto,PERS
Tao CHANG,Tao,CHANG,PERS
Jie Jiang,Jie,Jiang,PERS
Guiying Fujii,Guiying,Fujii,PERS
Lei Okamoto,Lei,Okamoto,PERS
Wei Su,Wei,Su,PERS
YA-WEN Cao,YA-WEN,Cao,PERS
TSUNG-HAN Yoshida,TSUNG-HAN,Yoshida,PERS
Yui Hashimoto,Yui,Hashimoto,PERS
SHU-FEN Hao,SHU-FEN,Hao,PERS
Tao Watanabe,Tao,Watanabe,PERS
Mikako Ishii,Mikako,Ishii,PERS
Jun Cai,Jun,Cai,PERS
Yosuke Sasaki,Yosuke,Sasaki,PERS
MEI-LI Takahashi,MEI-LI,Takahashi,PERS
Yang Tanaka,Yang,Tanaka,PERS
MEI-CHEN TING,MEI-CHEN,TING,PERS
CHING-I Meng,CHING-I,Meng,PERS
Momoko Kato,Momoko,Kato,PERS
Yoko Qin,Yoko,Qin,PERS
MING-HUNG Wen,MING-HUNG,Wen,PERS
HUI-CHEN Matsuda,HUI-CHEN,Matsuda,PERS
Xiuying SU,Xiuying,SU,PERS
Juan HSIUNG,Juan,HSIUNG,PERS
Shota Sasaki,Shota,Sasaki,PERS
LI-CHEN LIN,LI-CHEN,LIN,PERS
HSIU-LIEN CHEN,HSIU-LIEN,CHEN,PERS
MING-HUI Saito,MING-HUI,Saito,PERS
YU-MEI Suzuki,YU-MEI,Suzuki,PERS
Osamu Suzuki,Osamu,Suzuki,PERS
HSIU-LIEN LIAO,HSIU-LIEN,LIAO,PERS
SHU-CHUAN Okamoto,SHU-CHUAN,Okamoto,PERS
Yong Fan,Yong,Fan,PERS
Kenichi Fu,Kenichi,Fu,PERS
SHU-LING Chang,SHU-LING,Chang,PERS
Yuki Ota,Yuki,Ota,PERS
Sayuri CHEN,Sayuri,CHEN,PERS
Yuta Fukuda,Yuta,Fukuda,PERS
Xia Tanaka,Xia,Tanaka,PERS
Mikako Hayashi,Mikako,Hayashi,PERS
HSIU-YU Kang,HSIU-YU,Kang,PERS
Xiuying CHEN,Xiuying,CHEN,PERS
Shota Watanabe,Shota,Watanabe,PERS
Tao Xiang,Tao,Xiang,PERS
Hideki Shimizu,Hideki,Shimizu,PERS
SHU-MIN Su,SHU-MIN,Su,PERS
YU-CHEN Huang,YU-CHEN,Huang,PERS
Na Su,Na,Su,PERS
PAI-HAN LIN,PAI-HAN,LIN,PERS
Fang Kondo,Fang,Kondo,PERS
Fang CHEN,Fang,CHEN,PERS
Sotaro Kimura,Sotaro,Kimura,PERS
Tsubasa Ogawa,Tsubasa,Ogawa,PERS
CHUN-YU HSIEH,CHUN-YU,HSIEH,PERS
Jing PAN,Jing,PAN,PERS
HSIU-MEI Yao,HSIU-MEI,Yao,PERS
Jie Zeng,Jie,Zeng,PERS
Kaori Yamada,Kaori,Yamada,PERS
Wei Zhang,Wei,Zhang,PERS
Naoko Han,Naoko,Han,PERS
Jie Suzuki,Jie,Suzuki,PERS
Miki Shao,Miki,Shao,PERS
Akira Kato,Akira,Kato,PERS
HSIU-CHIH Yamashita,HSIU-CHIH,Yamashita,PERS
Naoto TSAI,Naoto,TSAI,PERS
Yong LIAO,Yong,LIAO,PERS
Akemi Sakamoto,Akemi,Sakamoto,PERS
Juan CHEN,Juan,CHEN,PERS
Guiying Dai,Guiying,Dai,PERS
Sayuri JUAN,Sayuri,JUAN,PERS
Osamu Tanaka,Osamu,Tanaka,PERS
Gang CHEN,Gang,CHEN,PERS
Yong Saito,Yong,Saito,PERS
Yumiko Hou,Yumiko,Hou,PERS
Ming LIANG,Ming,LIANG,PERS
Jing Yamamoto,Jing,Yamamoto,PERS
CHIEN-CHUNG Tanaka,CHIEN-CHUNG,Tanaka,PERS
Lei Li,Lei,Li,PERS
CHUN-HSIUNG Song,CHUN-HSIUNG,Song,PERS
YU-LAN PAN,YU-LAN,PAN,PERS
KUAN-YU YEH,KUAN-YU,YEH,PERS
I-CHUN Sakamoto,I-CHUN,Sakamoto,PERS
Yui Maeda,Yui,Maeda,PERS
Yuki Hao,Yuki,Hao,PERS
Mai Suzuki,Mai,Suzuki,PERS
Tomoya CHEN,Tomoya,CHEN,PERS
Shohei Saito,Shohei,Saito,PERS
Mituru CHEN,Mituru,CHEN,PERS
SHIH-MING Huang,SHIH-MING,Huang,PERS
Jing Lei,Jing,Lei,PERS
Maaya KUO,Maaya,KUO,PERS
Qiang Xia,Qiang,Xia,PERS
Haruka LIN,Haruka,LIN,PERS
MEI-LING Yin,MEI-LING,Yin,PERS
MEI-YING Suzuki,MEI-YING,Suzuki,PERS
Juan Nakamura,Juan,Nakamura,PERS
MEI-HUA Liao,MEI-HUA,Liao,PERS
MING-HUI LIN,MING-HUI,LIN,PERS
PAI-LIN Nakamura,PAI-LIN,Nakamura,PERS
Xiuying CHEN,Xiuying,CHEN,PERS
Yang HSIEH,Yang,HSIEH,PERS
Li Fukuda,Li,Fukuda,PERS
Manabu Shao,Manabu,Shao,PERS
Na HUNG,Na,HUNG,PERS
CHUN-YU Ding,CHUN-YU,Ding,PERS
Min CHEN,Min,CHEN,PERS
HSIU-CHIN Inoue,HSIU-CHIN,Inoue,PERS
Maaya TSENG,Maaya,TSENG,PERS
Xia Xiong,Xia,Xiong,PERS
Min TSENG,Min,TSENG,PERS
HSIU-YING Gao,HSIU-YING,Gao,PERS
Kana Fujita,Kana,Fujita,PERS
Mikako Suzuki,Mikako,Suzuki,PERS
HSIU-CHU Goto,HSIU-CHU,Goto,PERS
CHIEN-CHIH Gong,CHIEN-CHIH,Gong,PERS
Yuta Sasaki,Yuta,Sasaki,PERS
Xiulan Nakamura,Xiulan,Nakamura,PERS
CHUN-HUNG Hou,CHUN-HUNG,Hou,PERS
Jun Huang,Jun,Huang,PERS
CHIEN-CHUNG HU,CHIEN-CHUNG,HU,PERS
Jun Tanaka,Jun,Tanaka,PERS
Ming Du,Ming,Du,PERS
Jun LIN,Jun,LIN,PERS
KUAN-TING Inoue,KUAN-TING,Inoue,PERS
Jun TAI,Jun,TAI,PERS
Yang Hou,Yang,Hou,PERS
Sayuri Jin,Sayuri,Jin,PERS
Yang Takahashi,Yang,Takahashi,PERS
Yumiko Shimizu,Yumiko,Shimizu,PERS
Manabu Nakagawa,Manabu,Nakagawa,PERS
HUI-CHEN LIN,HUI-CHEN,LIN,PERS
Ryosuke Yamashita,Ryosuke,Yamashita,PERS
Miki Kobayashi,Miki,Kobayashi,PERS
CHUN-MEI LIAO,CHUN-MEI,LIAO,PERS
Li Takahashi,Li,Takahashi,PERS
Xiuying Guo,Xiuying,Guo,PERS
Yong Sato,Yong,Sato,PERS
CHENG-HAN CHUANG,CHENG-HAN,CHUANG,PERS
Kazuya HSIEH,Kazuya,HSIEH,PERS
Hiroshi Sato,Hiroshi,Sato,PERS
YU-MEI CHEN,YU-MEI,CHEN,PERS
Jie LIN,Jie,LIN,PERS
Yong Ishii,Yong,Ishii,PERS
TZU-HSIANG LIN,TZU-HSIANG,LIN,PERS
SHU-CHING Shen,SHU-CHING,Shen,PERS
MEI-LING Kimura,MEI-LING,Kimura,PERS
Shohei Kimura,Shohei,Kimura,PERS
CHIN-HSING CHEN,CHIN-HSING,CHEN,PERS
LI-MEI Qin,LI-MEI,Qin,PERS
MEI-LING Ren,MEI-LING,Ren,PERS
Akemi Yamamoto,Akemi,Yamamoto,PERS
Sotaro Suzuki,Sotaro,Suzuki,PERS
Mituru CHEN,Mituru,CHEN,PERS
Yan Ota,Yan,Ota,PERS
Xiuying Luo,Xiuying,Luo,PERS
WEN-HSIEN KUO,WEN-HSIEN,KUO,PERS
Wei Zhong,Wei,Zhong,PERS
Tomoya TSAI,Tomoya,TSAI,PERS
YUEH-TUNG HSIEH,YUEH-TUNG,HSIEH,PERS
Li CHEN,Li,CHEN,PERS
Yoichi CHUANG,Yoichi,CHUANG,PERS
Mituru Zhao,Mituru,Zhao,PERS
Gang Xiao,Gang,Xiao,PERS
CHUN-HSIUNG Yamamoto,CHUN-HSIUNG,Yamamoto,PERS
SHU-CHUAN Chen,SHU-CHUAN,Chen,PERS
Yang TSENG,Yang,TSENG,PERS
CHENG-I LIN,CHENG-I,LIN,PERS
Chao Tan,Chao,Tan,PERS
HSIU-CHIN Yoshida,HSIU-CHIN,Yoshida,PERS
Xia Sato,Xia,Sato,PERS
Xia Cheng,Xia,Cheng,PERS
Manabu Watanabe,Manabu,Watanabe,PERS
Haruka Inoue,Haruka,Inoue,PERS
Fang Yin,Fang,Yin,PERS
LI-HUA Ren,LI-HUA,Ren,PERS
Sayuri Hayashi,Sayuri,Hayashi,PERS
Hideki LIN,Hideki,LIN,PERS
Yui LIN,Yui,LIN,PERS
CHIN-LUNG Shen,CHIN-LUNG,Shen,PERS
WEN-CHANG HAN,WEN-CHANG,HAN,PERS
Hideki Aoki,Hideki,Aoki,PERS
Guiying Okamoto,Guiying,Okamoto,PERS
MEI-HUA Yao,MEI-HUA,Yao,PERS
Hiroshi Nakamura,Hiroshi,Nakamura,PERS
Kumiko Saito,Kumiko,Saito,PERS
Ryosuke Tanaka,Ryosuke,Tanaka,PERS
Yui Wen,Yui,Wen,PERS
Lei TSENG,Lei,TSENG,PERS
Lei Suzuki,Lei,Suzuki,PERS
Jing Goto,Jing,Goto,PERS
Qiang Ito,Qiang,Ito,PERS
HSIU-CHUAN Tao,HSIU-CHUAN,Tao,PERS
Hideki Ota,Hideki,Ota,PERS
Mikako CHEN,Mikako,CHEN,PERS
YUEH-O LIN,YUEH-O,LIN,PERS
Yasuhiro Kato,Yasuhiro,Kato,PERS
Jun Xia,Jun,Xia,PERS
Yosuke Takahashi,Yosuke,Takahashi,PERS
Shohei Nakagawa,Shohei,Nakagawa,PERS
LI-CHING Sasaki,LI-CHING,Sasaki,PERS
Guiying LIN,Guiying,LIN,PERS
CHUN-HSIEN Fukuda,CHUN-HSIEN,Fukuda,PERS
Jing LIN,Jing,LIN,PERS
Yong Kobayashi,Yong,Kobayashi,PERS
Msafar Amuzgar,Msafar,Amuzgar,PERS
Achouak Abdulla,Achouak,Abdulla,PERS
Qudamah Bin,Qudamah,Bin,PERS
Samar Abdou,Samar,Abdou,PERS
Sattar Abu-Middain,Sattar,Abu-Middain,PERS
Saim Al-Muwalid,Saim,Al-Muwalid,PERS
Zayba Hamed,Zayba,Hamed,PERS
Abdelouaheb Kassis,Abdelouaheb,Kassis,PERS
Cicungh Kettani,Cicungh,Kettani,PERS
Muhsin Maalouf,Muhsin,Maalouf,PERS
Noorjahan Al-Saleh,Noorjahan,Al-Saleh,PERS
Abadalaiamuah Itani,Abadalaiamuah,Itani,PERS
Yones Uddin,Yones,Uddin,PERS
Qadr Quraishi,Qadr,Quraishi,PERS
Zouheir Hajj,Zouheir,Hajj,PERS
Ibtisam Agha,Ibtisam,Agha,PERS
Srhid Sarkis,Srhid,Sarkis,PERS
Nasar Akhtar,Nasar,Akhtar,PERS
Haidr Daher,Haidr,Daher,PERS
Amuthl Mohamed,Amuthl,Mohamed,PERS
Mad Khalid,Mad,Khalid,PERS
Fathy Benchekroun,Fathy,Benchekroun,PERS
Artah Tarek,Artah,Tarek,PERS
Ismaeel Shami,Ismaeel,Shami,PERS
Brawant Essam,Brawant,Essam,PERS
Amale Salhi,Amale,Salhi,PERS
Syaudi Aarab,Syaudi,Aarab,PERS
Shkaran Alaa,Shkaran,Alaa,PERS
Muniba Fazal-Mahmood,Muniba,Fazal-Mahmood,PERS
Hasna Bou,Hasna,Bou,PERS
Esma Saadeh,Esma,Saadeh,PERS
Labeebah Farag,Labeebah,Farag,PERS
Selma Azzi,Selma,Azzi,PERS
Kaml Nasr,Kaml,Nasr,PERS
Khibr Imami,Khibr,Imami,PERS
Aqeel Jaafar,Aqeel,Jaafar,PERS
Zoah Al-Ajmi,Zoah,Al-Ajmi,PERS
Fawza Zein,Fawza,Zein,PERS
Yamina Sfeir,Yamina,Sfeir,PERS
Mizanur Bader,Mizanur,Bader,PERS
Mozan Khalifeh,Mozan,Khalifeh,PERS
Abdoullah Azar,Abdoullah,Azar,PERS
Najibah Alalawi,Najibah,Alalawi,PERS
Basheera Chaoui,Basheera,Chaoui,PERS
Liyaa Javed,Liyaa,Javed,PERS
Nuhaa Maalouf,Nuhaa,Maalouf,PERS
Abdurraheem Elmasry,Abdurraheem,Elmasry,PERS
Shammyn Taleb,Shammyn,Taleb,PERS
Sidqi Al-Habash,Sidqi,Al-Habash,PERS
Adel Choukri,Adel,Choukri,PERS
Baya Rahal,Baya,Rahal,PERS
Cherifa Hanif,Cherifa,Hanif,PERS
Rachida Fakhoury,Rachida,Fakhoury,PERS
Marwane Nemazi,Marwane,Nemazi,PERS
Misifsen Hamdaoui,Misifsen,Hamdaoui,PERS
Bris Tabatabai-Al-Rhul,Bris,Tabatabai-Al-Rhul,PERS
Azzam Totah,Azzam,Totah,PERS
Jahida Garoussi,Jahida,Garoussi,PERS
Mumun Kassem,Mumun,Kassem,PERS
Anuhr Sebti,Anuhr,Sebti,PERS
Hazim Rasheed,Hazim,Rasheed,PERS
Zaïna Wakim,Zaïna,Wakim,PERS
Munib Kalb,Munib,Kalb,PERS
Shirin Alkhaiwani,Shirin,Alkhaiwani,PERS
Sumbul Bani-Sadr,Sumbul,Bani-Sadr,PERS
Hamima Nasim-Ul-Ghani,Hamima,Nasim-Ul-Ghani,PERS
Hbah Darwish,Hbah,Darwish,PERS
Faria Nahas,Faria,Nahas,PERS
Nouria Al-Shair,Nouria,Al-Shair,PERS
Lamaiaah Hilali,Lamaiaah,Hilali,PERS
Kaneez Nabulsi,Kaneez,Nabulsi,PERS
Noura Hisami,Noura,Hisami,PERS
Raheema Basheer,Raheema,Basheer,PERS
Abdulhafiz Raza,Abdulhafiz,Raza,PERS
Akil Samaha,Akil,Samaha,PERS
Husam Hashmi,Husam,Hashmi,PERS
Sanajai Bhatti,Sanajai,Bhatti,PERS
Shahib Shaik,Shahib,Shaik,PERS
Mustakim Raboud,Mustakim,Raboud,PERS
Ghris Rishmawi,Ghris,Rishmawi,PERS
Neziha Ayoub,Neziha,Ayoub,PERS
Hamaid Soliman,Hamaid,Soliman,PERS
Yawar Daoudi,Yawar,Daoudi,PERS
Aamal Pahlavi,Aamal,Pahlavi,PERS
Mashhood Al-Jaber,Mashhood,Al-Jaber,PERS
Abdulqayyum Al-Rhul-Ghias,Abdulqayyum,Al-Rhul-Ghias,PERS
Faheemah Na'imi,Faheemah,Na'imi,PERS
Mamdouh Mahallati-Al-Bin,Mamdouh,Mahallati-Al-Bin,PERS
Leem Semaan,Leem,Semaan,PERS
Ayan Idrissi,Ayan,Idrissi,PERS
Sameir Ajam,Sameir,Ajam,PERS
Hudad Al-Asmari,Hudad,Al-Asmari,PERS
Anis Mirza,Anis,Mirza,PERS
Abdulsalam Azmat,Abdulsalam,Azmat,PERS
Saleh Hajji,Saleh,Hajji,PERS
Kamal Mamar,Kamal,Mamar,PERS
Asma Amri,Asma,Amri,PERS
Nalini Jabri,Nalini,Jabri,PERS
Marshd Hadad,Marshd,Hadad,PERS
Feras Afifi,Feras,Afifi,PERS
Anniyah Gaayid,Anniyah,Gaayid,PERS
Tanefzawit Tijaani,Tanefzawit,Tijaani,PERS
Waliya Alshahrani,Waliya,Alshahrani,PERS
Abbou Mu'ini,Abbou,Mu'ini,PERS
Ines Hayat,Ines,Hayat,PERS
Abodi Fasihuddin,Abodi,Fasihuddin,PERS
Nasir Zogby,Nasir,Zogby,PERS
Khulood Shahy,Khulood,Shahy,PERS
Sahaib Ziani,Sahaib,Ziani,PERS
Nigar Salim,Nigar,Salim,PERS
Bhmo Krishnan,Bhmo,Krishnan,PERS
Langlois S.A.,Langlois S.A.,Langlois S.A.,ORGA
Rocha,Rocha,Rocha,ORGA
Magalhães,Magalhães,Magalhães,ORGA
Correia Gonçalves S.A.,Correia Gonçalves S.A.,Correia Gonçalves S.A.,ORGA
"Camicione, Giulietti e Guarato SPA","Camicione, Giulietti e Guarato SPA","Camicione, Giulietti e Guarato SPA",ORGA
Gubéran Sàrl.,Gubéran Sàrl.,Gubéran Sàrl.,ORGA
Cornut Beurret SA,Cornut Beurret SA,Cornut Beurret SA,ORGA
"Gallagher, Potter and Norris","Gallagher, Potter and Norris","Gallagher, Potter and Norris",ORGA
Russell-Thomas,Russell-Thomas,Russell-Thomas,ORGA
Gaspar,Gaspar,Gaspar,ORGA
"Beccheria, Chiesa e Boito s.r.l.","Beccheria, Chiesa e Boito s.r.l.","Beccheria, Chiesa e Boito s.r.l.",ORGA
Transportes HST S.L.,Transportes HST S.L.,Transportes HST S.L.,ORGA
Berberat,Berberat,Berberat,ORGA
Righi Group,Righi Group,Righi Group,ORGA
Consultoría GXMQ S.L.U.,Consultoría GXMQ S.L.U.,Consultoría GXMQ S.L.U.,ORGA
Trommler GmbH,Trommler GmbH,Trommler GmbH,ORGA
Besnard Ferrand S.A.R.L.,Besnard Ferrand S.A.R.L.,Besnard Ferrand S.A.R.L.,ORGA
"Badoer, Sermonti e Rienzo e figli","Badoer, Sermonti e Rienzo e figli","Badoer, Sermonti e Rienzo e figli",ORGA
Karz Butte GmbH & Co. KGaA,Karz Butte GmbH & Co. KGaA,Karz Butte GmbH & Co. KGaA,ORGA
Fischer,Fischer,Fischer,ORGA
Coigny,Coigny,Coigny,ORGA
Brun Moreno et Fils,Brun Moreno et Fils,Brun Moreno et Fils,ORGA
Vieira,Vieira,Vieira,ORGA
Auger S.A.S.,Auger S.A.S.,Auger S.A.S.,ORGA
Thompson Group,Thompson Group,Thompson Group,ORGA
's Gravensande NV,'s Gravensande NV,'s Gravensande NV,ORGA
Amato-Leblanc Group,Amato-Leblanc Group,Amato-Leblanc Group,ORGA
Quinn-Lord,Quinn-Lord,Quinn-Lord,ORGA
Conrad,Conrad,Conrad,ORGA
Aeby Sàrl.,Aeby Sàrl.,Aeby Sàrl.,ORGA
Logística XSE S.L.N.E,Logística XSE S.L.N.E,Logística XSE S.L.N.E,ORGA
Perez y Pineda S.L.L.,Perez y Pineda S.L.L.,Perez y Pineda S.L.L.,ORGA
Lourenço Lda.,Lourenço Lda.,Lourenço Lda.,ORGA
Bugnon,Bugnon,Bugnon,ORGA
Inmobiliaria Castellana S.L.L.,Inmobiliaria Castellana S.L.L.,Inmobiliaria Castellana S.L.L.,ORGA
Irwin-Boyer,Irwin-Boyer,Irwin-Boyer,ORGA
Araújo,Araújo,Araújo,ORGA
Faria Brito Lda.,Faria Brito Lda.,Faria Brito Lda.,ORGA
Beurret,Beurret,Beurret,ORGA
"Monicelli, Travaglia e Delle Group","Monicelli, Travaglia e Delle Group","Monicelli, Travaglia e Delle Group",ORGA
Schwital Söding AG & Co. OHG,Schwital Söding AG & Co. OHG,Schwital Söding AG & Co. OHG,ORGA
Pedro Acevedo Gual S.L.N.E,Pedro Acevedo Gual S.L.N.E,Pedro Acevedo Gual S.L.N.E,ORGA
Industrias Márquez S.Coop.,Industrias Márquez S.Coop.,Industrias Márquez S.Coop.,ORGA
Vicente S.A.,Vicente S.A.,Vicente S.A.,ORGA
Royal Tillmanno,Royal Tillmanno,Royal Tillmanno,ORGA
Cosandey Sàrl.,Cosandey Sàrl.,Cosandey Sàrl.,ORGA
Cristoforetti-Tomei SPA,Cristoforetti-Tomei SPA,Cristoforetti-Tomei SPA,ORGA
Pohl Ditschlerin AG,Pohl Ditschlerin AG,Pohl Ditschlerin AG,ORGA
Geisler AG & Co. KG,Geisler AG & Co. KG,Geisler AG & Co. KG,ORGA
"Roth, Contarini e Guarato Group","Roth, Contarini e Guarato Group","Roth, Contarini e Guarato Group",ORGA
BASF,BASF,BASF,ORGA
Haack Groep,Haack Groep,Haack Groep,ORGA
Correia,Correia,Correia,ORGA
Turrini SPA,Turrini SPA,Turrini SPA,ORGA
Banca Privada JL S.L.,Banca Privada JL S.L.,Banca Privada JL S.L.,ORGA
Barillon,Barillon,Barillon,ORGA
Lopes,Lopes,Lopes,ORGA
Azevedo Macedo S/A,Azevedo Macedo S/A,Azevedo Macedo S/A,ORGA
Batista Figueiredo Lda.,Batista Figueiredo Lda.,Batista Figueiredo Lda.,ORGA
Obrien-Wells,Obrien-Wells,Obrien-Wells,ORGA
Rosselet,Rosselet,Rosselet,ORGA
Dirksen NV,Dirksen NV,Dirksen NV,ORGA
Correia,Correia,Correia,ORGA
Salinas LLC,Salinas LLC,Salinas LLC,ORGA
Construcción Iberia S.L.N.E,Construcción Iberia S.L.N.E,Construcción Iberia S.L.N.E,ORGA
Hermanos Pedrosa S.L.N.E,Hermanos Pedrosa S.L.N.E,Hermanos Pedrosa S.L.N.E,ORGA
"Vincent, Kaur and Holmes","Vincent, Kaur and Holmes","Vincent, Kaur and Holmes",ORGA
Hoffmann e.G.,Hoffmann e.G.,Hoffmann e.G.,ORGA
Brands & van Kuijc,Brands & van Kuijc,Brands & van Kuijc,ORGA
Magalhães Simões e Filhos,Magalhães Simões e Filhos,Magalhães Simões e Filhos,ORGA
Teixeira Sá S.A.,Teixeira Sá S.A.,Teixeira Sá S.A.,ORGA
Martin-Gordon,Martin-Gordon,Martin-Gordon,ORGA
Fitzgerald Ltd,Fitzgerald Ltd,Fitzgerald Ltd,ORGA
Maillard,Maillard,Maillard,ORGA
Hecker e.G.,Hecker e.G.,Hecker e.G.,ORGA
Bovet Sàrl.,Bovet Sàrl.,Bovet Sàrl.,ORGA
Guerreiro S.A.,Guerreiro S.A.,Guerreiro S.A.,ORGA
"Salvini, Offredi e Caccianemico s.r.l.","Salvini, Offredi e Caccianemico s.r.l.","Salvini, Offredi e Caccianemico s.r.l.",ORGA
Moschino-Casini e figli,Moschino-Casini e figli,Moschino-Casini e figli,ORGA
Roberts LLC,Roberts LLC,Roberts LLC,ORGA
"Connolly, Harrison and Anderson","Connolly, Harrison and Anderson","Connolly, Harrison and Anderson",ORGA
Ritter-King,Ritter-King,Ritter-King,ORGA
Samskip,Samskip,Samskip,ORGA
Lewis-Wright,Lewis-Wright,Lewis-Wright,ORGA
Sá Cardoso e Filhos,Sá Cardoso e Filhos,Sá Cardoso e Filhos,ORGA
"Owens, Gilbert and Gutierrez","Owens, Gilbert and Gutierrez","Owens, Gilbert and Gutierrez",ORGA
Heinrich OHG mbH,Heinrich OHG mbH,Heinrich OHG mbH,ORGA
Carsten,Carsten,Carsten,ORGA
Zorbach GbR,Zorbach GbR,Zorbach GbR,ORGA
Royal Jans,Royal Jans,Royal Jans,ORGA
Giacometti-Armellini e figli,Giacometti-Armellini e figli,Giacometti-Armellini e figli,ORGA
Fonseca,Fonseca,Fonseca,ORGA
De Oliveira,De Oliveira,De Oliveira,ORGA
"McDonald, Andrews and Hawkins","McDonald, Andrews and Hawkins","McDonald, Andrews and Hawkins",ORGA
Industrias Benavent y asociados S.A.,Industrias Benavent y asociados S.A.,Industrias Benavent y asociados S.A.,ORGA
Johann,Johann,Johann,ORGA
Hall and Sons,Hall and Sons,Hall and Sons,ORGA
Latier & Moet,Latier & Moet,Latier & Moet,ORGA
Costa,Costa,Costa,ORGA
Barillon Duvanel SA,Barillon Duvanel SA,Barillon Duvanel SA,ORGA
Chambers-King,Chambers-King,Chambers-King,ORGA
Aebi,Aebi,Aebi,ORGA
Comercial Ibérica S.A.,Comercial Ibérica S.A.,Comercial Ibérica S.A.,ORGA
Tschentscher Bauer GmbH & Co. KG,Tschentscher Bauer GmbH & Co. KG,Tschentscher Bauer GmbH & Co. KG,ORGA
Lussu-Balbo e figli,Lussu-Balbo e figli,Lussu-Balbo e figli,ORGA
Grupo Meléndez S.L.N.E,Grupo Meléndez S.L.N.E,Grupo Meléndez S.L.N.E,ORGA
"Sabbatini, Argenti e Gremese SPA","Sabbatini, Argenti e Gremese SPA","Sabbatini, Argenti e Gremese SPA",ORGA
Huijben BV,Huijben BV,Huijben BV,ORGA
Dörschner Kaul AG & Co. OHG,Dörschner Kaul AG & Co. OHG,Dörschner Kaul AG & Co. OHG,ORGA
Maillot S.A.,Maillot S.A.,Maillot S.A.,ORGA
Cruz Andrade e Filhos,Cruz Andrade e Filhos,Cruz Andrade e Filhos,ORGA
Deladoëy,Deladoëy,Deladoëy,ORGA
Farmaceútica Globales S.Com.,Farmaceútica Globales S.Com.,Farmaceútica Globales S.Com.,ORGA
Brievingh & van Leeuwen,Brievingh & van Leeuwen,Brievingh & van Leeuwen,ORGA
Higgins PLC,Higgins PLC,Higgins PLC,ORGA
Broekhoven Groep,Broekhoven Groep,Broekhoven Groep,ORGA
"Emanuelli, Sandi e Ariasso Group","Emanuelli, Sandi e Ariasso Group","Emanuelli, Sandi e Ariasso Group",ORGA
Graf,Graf,Graf,ORGA
"Landry, Sawyer and Jones","Landry, Sawyer and Jones","Landry, Sawyer and Jones",ORGA
"Sutton, Ellis and Bowen","Sutton, Ellis and Bowen","Sutton, Ellis and Bowen",ORGA
Hondeveld NV,Hondeveld NV,Hondeveld NV,ORGA
Armellini SPA,Armellini SPA,Armellini SPA,ORGA
Hoffmann,Hoffmann,Hoffmann,ORGA
Smith-Hooper,Smith-Hooper,Smith-Hooper,ORGA
Molesini-Zito s.r.l.,Molesini-Zito s.r.l.,Molesini-Zito s.r.l.,ORGA
Nixon Inc,Nixon Inc,Nixon Inc,ORGA
"Leopardi, Ferraris e Comisso s.r.l.","Leopardi, Ferraris e Comisso s.r.l.","Leopardi, Ferraris e Comisso s.r.l.",ORGA
Mälzer Gorlitz GmbH,Mälzer Gorlitz GmbH,Mälzer Gorlitz GmbH,ORGA
Sauvage,Sauvage,Sauvage,ORGA
Trüb,Trüb,Trüb,ORGA
Laporte S.A.S.,Laporte S.A.S.,Laporte S.A.S.,ORGA
Joye Sàrl.,Joye Sàrl.,Joye Sàrl.,ORGA
Weller GmbH & Co. KGaA,Weller GmbH & Co. KGaA,Weller GmbH & Co. KGaA,ORGA
Weitzel,Weitzel,Weitzel,ORGA
Chappuis,Chappuis,Chappuis,ORGA
van der Laarse Groep,van der Laarse Groep,van der Laarse Groep,ORGA
"Smith, Morgan and Patel","Smith, Morgan and Patel","Smith, Morgan and Patel",ORGA
Estrada-Gutierrez,Estrada-Gutierrez,Estrada-Gutierrez,ORGA
"Smith, Nelson and Harris","Smith, Nelson and Harris","Smith, Nelson and Harris",ORGA
Rappaz,Rappaz,Rappaz,ORGA
Abreu,Abreu,Abreu,ORGA
Vollbrecht e.V.,Vollbrecht e.V.,Vollbrecht e.V.,ORGA
Molen Groep,Molen Groep,Molen Groep,ORGA
Bruder,Bruder,Bruder,ORGA
Wood Inc,Wood Inc,Wood Inc,ORGA
Paola Valderrama Arteaga S.L.,Paola Valderrama Arteaga S.L.,Paola Valderrama Arteaga S.L.,ORGA
Perrier Moreno SARL,Perrier Moreno SARL,Perrier Moreno SARL,ORGA
Abreu,Abreu,Abreu,ORGA
Bottigliero Group,Bottigliero Group,Bottigliero Group,ORGA
"Palladio, Paoletti e Polizzi SPA","Palladio, Paoletti e Polizzi SPA","Palladio, Paoletti e Polizzi SPA",ORGA
Fábrica OJ S.L.,Fábrica OJ S.L.,Fábrica OJ S.L.,ORGA
Stichting Doyle,Stichting Doyle,Stichting Doyle,ORGA
Bruneau,Bruneau,Bruneau,ORGA
Brievingh & Mansvelt,Brievingh & Mansvelt,Brievingh & Mansvelt,ORGA
Evans Inc,Evans Inc,Evans Inc,ORGA
Majewski e figli,Majewski e figli,Majewski e figli,ORGA
Anjos Amaral S/A,Anjos Amaral S/A,Anjos Amaral S/A,ORGA
Burgess and Sons,Burgess and Sons,Burgess and Sons,ORGA
Fouquet S.A.S.,Fouquet S.A.S.,Fouquet S.A.S.,ORGA
Desarrollo del Levante S.A.,Desarrollo del Levante S.A.,Desarrollo del Levante S.A.,ORGA
Fulgencio Aller Noriega S.A.U,Fulgencio Aller Noriega S.A.U,Fulgencio Aller Noriega S.A.U,ORGA
Masseron,Masseron,Masseron,ORGA
Gray-Rios,Gray-Rios,Gray-Rios,ORGA
Pacheco S.A.,Pacheco S.A.,Pacheco S.A.,ORGA
Ford Nederland,Ford Nederland,Ford Nederland,ORGA
Rocha,Rocha,Rocha,ORGA
"Sanders, Davies and Patterson","Sanders, Davies and Patterson","Sanders, Davies and Patterson",ORGA
Humbert,Humbert,Humbert,ORGA
Koninklijke Bave,Koninklijke Bave,Koninklijke Bave,ORGA
Julliard Monney SA,Julliard Monney SA,Julliard Monney SA,ORGA
van Wel & van Luyssel,van Wel & van Luyssel,van Wel & van Luyssel,ORGA
"Delacruz, Osborne and Bautista","Delacruz, Osborne and Bautista","Delacruz, Osborne and Bautista",ORGA
Blanchet,Blanchet,Blanchet,ORGA
Chappuis Musy Sàrl.,Chappuis Musy Sàrl.,Chappuis Musy Sàrl.,ORGA
Korsman & Kamper,Korsman & Kamper,Korsman & Kamper,ORGA
Vollbrecht,Vollbrecht,Vollbrecht,ORGA
Blackburn-Boyle,Blackburn-Boyle,Blackburn-Boyle,ORGA
"Bennett, Hernandez and Smith","Bennett, Hernandez and Smith","Bennett, Hernandez and Smith",ORGA
Phillips-Buck,Phillips-Buck,Phillips-Buck,ORGA
Foà-Cafarchia s.r.l.,Foà-Cafarchia s.r.l.,Foà-Cafarchia s.r.l.,ORGA
Junitz,Junitz,Junitz,ORGA
Thomas Group,Thomas Group,Thomas Group,ORGA
Grojean,Grojean,Grojean,ORGA
Aeby Monnard Sàrl.,Aeby Monnard Sàrl.,Aeby Monnard Sàrl.,ORGA
Grosjean Paschoud Sàrl.,Grosjean Paschoud Sàrl.,Grosjean Paschoud Sàrl.,ORGA
Backer & de Heer,Backer & de Heer,Backer & de Heer,ORGA
Dos Santos,Dos Santos,Dos Santos,ORGA
Suministros EVNT S.A.,Suministros EVNT S.A.,Suministros EVNT S.A.,ORGA
"Walton, Baxter and Conner","Walton, Baxter and Conner","Walton, Baxter and Conner",ORGA
"Taylor, Long and Thompson","Taylor, Long and Thompson","Taylor, Long and Thompson",ORGA
Stichting Butselaar,Stichting Butselaar,Stichting Butselaar,ORGA
Travaglia e figli,Travaglia e figli,Travaglia e figli,ORGA
Comment Peitrequin SA,Comment Peitrequin SA,Comment Peitrequin SA,ORGA
Collet S.A.R.L.,Collet S.A.R.L.,Collet S.A.R.L.,ORGA
Richardson Inc,Richardson Inc,Richardson Inc,ORGA
Antunes Lda.,Antunes Lda.,Antunes Lda.,ORGA
Hughes-Miller,Hughes-Miller,Hughes-Miller,ORGA
Fonjallaz,Fonjallaz,Fonjallaz,ORGA
Balmat SA,Balmat SA,Balmat SA,ORGA
Kaur Group,Kaur Group,Kaur Group,ORGA
Koninklijke Fortuyn,Koninklijke Fortuyn,Koninklijke Fortuyn,ORGA
Adams LLC,Adams LLC,Adams LLC,ORGA
"Jones, Carter and Mcdaniel","Jones, Carter and Mcdaniel","Jones, Carter and Mcdaniel",ORGA
Supermercados Globales S.L.,Supermercados Globales S.L.,Supermercados Globales S.L.,ORGA
Cardoso S.A.,Cardoso S.A.,Cardoso S.A.,ORGA
Harris LLC,Harris LLC,Harris LLC,ORGA
Ceri e figli,Ceri e figli,Ceri e figli,ORGA
"Ward, King and Wilson","Ward, King and Wilson","Ward, King and Wilson",ORGA
Perck & Doesburg,Perck & Doesburg,Perck & Doesburg,ORGA
Silva Anjos S.A.,Silva Anjos S.A.,Silva Anjos S.A.,ORGA
Toscanini-Nitto e figli,Toscanini-Nitto e figli,Toscanini-Nitto e figli,ORGA
"Dean, Hudson and King","Dean, Hudson and King","Dean, Hudson and King",ORGA
Paris S.A.,Paris S.A.,Paris S.A.,ORGA
Bryant-Turner,Bryant-Turner,Bryant-Turner,ORGA
Deschamps S.A.,Deschamps S.A.,Deschamps S.A.,ORGA
Tavares,Tavares,Tavares,ORGA
Dowerg,Dowerg,Dowerg,ORGA
Monteiro Figueiredo Lda.,Monteiro Figueiredo Lda.,Monteiro Figueiredo Lda.,ORGA
Hesse,Hesse,Hesse,ORGA
Martel Chevallier S.A.R.L.,Martel Chevallier S.A.R.L.,Martel Chevallier S.A.R.L.,ORGA
Goodwin LLC,Goodwin LLC,Goodwin LLC,ORGA
Machado,Machado,Machado,ORGA
Lacombe,Lacombe,Lacombe,ORGA
Gough-Barry,Gough-Barry,Gough-Barry,ORGA
Vidal S.A.R.L.,Vidal S.A.R.L.,Vidal S.A.R.L.,ORGA
Moreno Inc,Moreno Inc,Moreno Inc,ORGA
Nunes Lda.,Nunes Lda.,Nunes Lda.,ORGA
Barrett PLC,Barrett PLC,Barrett PLC,ORGA
Casagrande-Fattori Group,Casagrande-Fattori Group,Casagrande-Fattori Group,ORGA
"Chavez, Solis and Turner","Chavez, Solis and Turner","Chavez, Solis and Turner",ORGA
van Orleans & Molegraaf,van Orleans & Molegraaf,van Orleans & Molegraaf,ORGA
"Robinson, Smith and Smith","Robinson, Smith and Smith","Robinson, Smith and Smith",ORGA
Heuser Holzapfel GmbH & Co. KG,Heuser Holzapfel GmbH & Co. KG,Heuser Holzapfel GmbH & Co. KG,ORGA
Geldens & Shupe,Geldens & Shupe,Geldens & Shupe,ORGA
"Mcclure, Dawson and Watkins","Mcclure, Dawson and Watkins","Mcclure, Dawson and Watkins",ORGA
Morgan-Bell,Morgan-Bell,Morgan-Bell,ORGA
Desarrollo UU S.L.N.E,Desarrollo UU S.L.N.E,Desarrollo UU S.L.N.E,ORGA
Inversiones Internacionales S.A.,Inversiones Internacionales S.A.,Inversiones Internacionales S.A.,ORGA
Sola y asociados S.Coop.,Sola y asociados S.Coop.,Sola y asociados S.Coop.,ORGA
BMW Nederland,BMW Nederland,BMW Nederland,ORGA
Coelho,Coelho,Coelho,ORGA
Eusebio Villar Rey S.Com.,Eusebio Villar Rey S.Com.,Eusebio Villar Rey S.Com.,ORGA
Faria,Faria,Faria,ORGA
Oliveira,Oliveira,Oliveira,ORGA
Stroh,Stroh,Stroh,ORGA
Röhricht,Röhricht,Röhricht,ORGA
Maillard SA,Maillard SA,Maillard SA,ORGA
Regge Group,Regge Group,Regge Group,ORGA
Agullo y Osuna S.L.U.,Agullo y Osuna S.L.U.,Agullo y Osuna S.L.U.,ORGA
Hussain-Martin,Hussain-Martin,Hussain-Martin,ORGA
Laporte S.A.R.L.,Laporte S.A.R.L.,Laporte S.A.R.L.,ORGA
Wood Group,Wood Group,Wood Group,ORGA
"Borromeo, Ferragamo e Lanfranchi Group","Borromeo, Ferragamo e Lanfranchi Group","Borromeo, Ferragamo e Lanfranchi Group",ORGA
Hnos Aznar S.A.,Hnos Aznar S.A.,Hnos Aznar S.A.,ORGA
Benoit,Benoit,Benoit,ORGA
Fonseca Morais e Filhos,Fonseca Morais e Filhos,Fonseca Morais e Filhos,ORGA
Banco del Mediterráneo S.A.,Banco del Mediterráneo S.A.,Banco del Mediterráneo S.A.,ORGA
Durante-Ricciardi Group,Durante-Ricciardi Group,Durante-Ricciardi Group,ORGA
Summers Inc,Summers Inc,Summers Inc,ORGA
Georges,Georges,Georges,ORGA
Löchel,Löchel,Löchel,ORGA
"Davis, Long and Walls","Davis, Long and Walls","Davis, Long and Walls",ORGA
Tecnologías Internacionales S.Coop.,Tecnologías Internacionales S.Coop.,Tecnologías Internacionales S.Coop.,ORGA
Lucas S.A.R.L.,Lucas S.A.R.L.,Lucas S.A.R.L.,ORGA
Sommaruga Group,Sommaruga Group,Sommaruga Group,ORGA
Carron Sàrl.,Carron Sàrl.,Carron Sàrl.,ORGA
"Jenkins, Hicks and Jones","Jenkins, Hicks and Jones","Jenkins, Hicks and Jones",ORGA
Stichting de Vrome,Stichting de Vrome,Stichting de Vrome,ORGA
Vogt GmbH & Co. KGaA,Vogt GmbH & Co. KGaA,Vogt GmbH & Co. KGaA,ORGA
Bolnbach,Bolnbach,Bolnbach,ORGA
Stephenson-Robinson,Stephenson-Robinson,Stephenson-Robinson,ORGA
Franke Rose AG & Co. KGaA,Franke Rose AG & Co. KGaA,Franke Rose AG & Co. KGaA,ORGA
"Thompson, Morgan and Gregory","Thompson, Morgan and Gregory","Thompson, Morgan and Gregory",ORGA
"Atkinson, Wallace and Singh","Atkinson, Wallace and Singh","Atkinson, Wallace and Singh",ORGA
Stichting Mallien,Stichting Mallien,Stichting Mallien,ORGA
Massa & van Clootwijck,Massa & van Clootwijck,Massa & van Clootwijck,ORGA
Ferrara-Donati SPA,Ferrara-Donati SPA,Ferrara-Donati SPA,ORGA
Farré & Asociados S.L.,Farré & Asociados S.L.,Farré & Asociados S.L.,ORGA
Deshusses Sàrl.,Deshusses Sàrl.,Deshusses Sàrl.,ORGA
Maillot Gomes SARL,Maillot Gomes SARL,Maillot Gomes SARL,ORGA
Crivelli,Crivelli,Crivelli,ORGA
"Mercer, Shelton and Cervantes","Mercer, Shelton and Cervantes","Mercer, Shelton and Cervantes",ORGA
Jockel,Jockel,Jockel,ORGA
"Murray, Ball and Read","Murray, Ball and Read","Murray, Ball and Read",ORGA
Dietz,Dietz,Dietz,ORGA
Martinez SA,Martinez SA,Martinez SA,ORGA
Owen Inc,Owen Inc,Owen Inc,ORGA
Royal Pratt,Royal Pratt,Royal Pratt,ORGA
Roberts LLC,Roberts LLC,Roberts LLC,ORGA
"Hansen, Mcmahon and Atkins","Hansen, Mcmahon and Atkins","Hansen, Mcmahon and Atkins",ORGA
Da Silva S.A.R.L.,Da Silva S.A.R.L.,Da Silva S.A.R.L.,ORGA
Pellet,Pellet,Pellet,ORGA
Pearson LLC,Pearson LLC,Pearson LLC,ORGA
Casares y Barba S.Coop.,Casares y Barba S.Coop.,Casares y Barba S.Coop.,ORGA
Proietti e figli,Proietti e figli,Proietti e figli,ORGA
Potter-Rowley,Potter-Rowley,Potter-Rowley,ORGA
Koninklijke van den Henst,Koninklijke van den Henst,Koninklijke van den Henst,ORGA
Musy SA,Musy SA,Musy SA,ORGA
Chevalley Grosjean SA,Chevalley Grosjean SA,Chevalley Grosjean SA,ORGA
Moura,Moura,Moura,ORGA
Lopes S/A,Lopes S/A,Lopes S/A,ORGA
Jäkel,Jäkel,Jäkel,ORGA
Mens & Berends,Mens & Berends,Mens & Berends,ORGA
Sölzer Atzler GmbH,Sölzer Atzler GmbH,Sölzer Atzler GmbH,ORGA
Tomei s.r.l.,Tomei s.r.l.,Tomei s.r.l.,ORGA
Lehmann KG,Lehmann KG,Lehmann KG,ORGA
Wells-Lloyd,Wells-Lloyd,Wells-Lloyd,ORGA
Peitrequin Saudan SA,Peitrequin Saudan SA,Peitrequin Saudan SA,ORGA
"Roberts, Coates and Bryant","Roberts, Coates and Bryant","Roberts, Coates and Bryant",ORGA
Babey,Babey,Babey,ORGA
Wende,Wende,Wende,ORGA
Anjos S/A,Anjos S/A,Anjos S/A,ORGA
Magalhães S/A,Magalhães S/A,Magalhães S/A,ORGA
Álvaro Bayón Nadal S.L.L.,Álvaro Bayón Nadal S.L.L.,Álvaro Bayón Nadal S.L.L.,ORGA
Rosenow AG & Co. KG,Rosenow AG & Co. KG,Rosenow AG & Co. KG,ORGA
ASVB,ASVB,ASVB,ORGA
Jacobi Jäckel,Jacobi Jäckel,Jacobi Jäckel,ORGA
Paccot Sàrl.,Paccot Sàrl.,Paccot Sàrl.,ORGA
Hawkins PLC,Hawkins PLC,Hawkins PLC,ORGA
Imbert Allain S.A.R.L.,Imbert Allain S.A.R.L.,Imbert Allain S.A.R.L.,ORGA
"Evans, Roberts and Ryan","Evans, Roberts and Ryan","Evans, Roberts and Ryan",ORGA
Mendes,Mendes,Mendes,ORGA
Nunes,Nunes,Nunes,ORGA
Scheibe Dörr GbR,Scheibe Dörr GbR,Scheibe Dörr GbR,ORGA
Fábrica MCHI S.L.N.E,Fábrica MCHI S.L.N.E,Fábrica MCHI S.L.N.E,ORGA
Klemm OHG mbH,Klemm OHG mbH,Klemm OHG mbH,ORGA
Gutierrez Group,Gutierrez Group,Gutierrez Group,ORGA
Gaspar,Gaspar,Gaspar,ORGA
"Garcia, Mason and Phillips","Garcia, Mason and Phillips","Garcia, Mason and Phillips",ORGA
Rapraz Droz Sàrl.,Rapraz Droz Sàrl.,Rapraz Droz Sàrl.,ORGA
Hendriks AG & Co. KGaA,Hendriks AG & Co. KGaA,Hendriks AG & Co. KGaA,ORGA
Tozzi e figli,Tozzi e figli,Tozzi e figli,ORGA
Comman,Comman,Comman,ORGA
"Christensen, Martinez and Kaiser","Christensen, Martinez and Kaiser","Christensen, Martinez and Kaiser",ORGA
Royal van Beek,Royal van Beek,Royal van Beek,ORGA
Knappe,Knappe,Knappe,ORGA
Zola Group,Zola Group,Zola Group,ORGA
Hörle Mitschke GmbH,Hörle Mitschke GmbH,Hörle Mitschke GmbH,ORGA
Beer Speer GmbH,Beer Speer GmbH,Beer Speer GmbH,ORGA
Wells-Miller,Wells-Miller,Wells-Miller,ORGA
Villarreal LLC,Villarreal LLC,Villarreal LLC,ORGA
Oliver-Chavez,Oliver-Chavez,Oliver-Chavez,ORGA
Maillet,Maillet,Maillet,ORGA
Sousa,Sousa,Sousa,ORGA
Heerema,Heerema,Heerema,ORGA
Cox-Ortiz,Cox-Ortiz,Cox-Ortiz,ORGA
Vespa-Verri Group,Vespa-Verri Group,Vespa-Verri Group,ORGA
Aeby SA,Aeby SA,Aeby SA,ORGA
Morris-Howarth,Morris-Howarth,Morris-Howarth,ORGA
Suministros Morán y asociados S.L.N.E,Suministros Morán y asociados S.L.N.E,Suministros Morán y asociados S.L.N.E,ORGA
Chevalley,Chevalley,Chevalley,ORGA
Henriques,Henriques,Henriques,ORGA
Eusebio Palma Bravo S.L.L.,Eusebio Palma Bravo S.L.L.,Eusebio Palma Bravo S.L.L.,ORGA
Guinizzelli e figli,Guinizzelli e figli,Guinizzelli e figli,ORGA
Carr-Bolton,Carr-Bolton,Carr-Bolton,ORGA
"Malipiero, Ossola e Iannucci e figli","Malipiero, Ossola e Iannucci e figli","Malipiero, Ossola e Iannucci e figli",ORGA
Chapuis,Chapuis,Chapuis,ORGA
Miltenburg & Verhoeven,Miltenburg & Verhoeven,Miltenburg & Verhoeven,ORGA
Suministros Globales S.L.,Suministros Globales S.L.,Suministros Globales S.L.,ORGA
Martin-Jackson,Martin-Jackson,Martin-Jackson,ORGA
Meunier S.A.,Meunier S.A.,Meunier S.A.,ORGA
Castro,Castro,Castro,ORGA
Koninklijke van der Flaas,Koninklijke van der Flaas,Koninklijke van der Flaas,ORGA
Fábrica del Norte S.L.L.,Fábrica del Norte S.L.L.,Fábrica del Norte S.L.L.,ORGA
Green and Sons,Green and Sons,Green and Sons,ORGA
Chevrolet,Chevrolet,Chevrolet,ORGA
Buisson,Buisson,Buisson,ORGA
Richard SA,Richard SA,Richard SA,ORGA
Restauración Integrales S.L.,Restauración Integrales S.L.,Restauración Integrales S.L.,ORGA
Chevrolet Sàrl.,Chevrolet Sàrl.,Chevrolet Sàrl.,ORGA
Evéquoz,Evéquoz,Evéquoz,ORGA
Barbey Sàrl.,Barbey Sàrl.,Barbey Sàrl.,ORGA
"Hutchinson, Sanchez and Palmer","Hutchinson, Sanchez and Palmer","Hutchinson, Sanchez and Palmer",ORGA
Holland Ltd,Holland Ltd,Holland Ltd,ORGA
Gibson Group,Gibson Group,Gibson Group,ORGA
Coppola-Rosmini SPA,Coppola-Rosmini SPA,Coppola-Rosmini SPA,ORGA
Buisson,Buisson,Buisson,ORGA
Soluciones MLIO S.Com.,Soluciones MLIO S.Com.,Soluciones MLIO S.Com.,ORGA
Supermercados del Levante S.Com.,Supermercados del Levante S.Com.,Supermercados del Levante S.Com.,ORGA
Vallélian,Vallélian,Vallélian,ORGA
"Terragni, Zacchia e Staglieno e figli","Terragni, Zacchia e Staglieno e figli","Terragni, Zacchia e Staglieno e figli",ORGA
Industrias YN S.A.,Industrias YN S.A.,Industrias YN S.A.,ORGA
"Errani, Palmisano e Lupo e figli","Errani, Palmisano e Lupo e figli","Errani, Palmisano e Lupo e figli",ORGA
Mota,Mota,Mota,ORGA
Ward-Turner,Ward-Turner,Ward-Turner,ORGA
Batista Oliveira e Filhos,Batista Oliveira e Filhos,Batista Oliveira e Filhos,ORGA
Segismundo Paz Manzano S.L.N.E,Segismundo Paz Manzano S.L.N.E,Segismundo Paz Manzano S.L.N.E,ORGA
Duroux Sàrl.,Duroux Sàrl.,Duroux Sàrl.,ORGA
Jomini Sàrl.,Jomini Sàrl.,Jomini Sàrl.,ORGA
Bouvet S.A.S.,Bouvet S.A.S.,Bouvet S.A.S.,ORGA
Despacho Sans S.L.N.E,Despacho Sans S.L.N.E,Despacho Sans S.L.N.E,ORGA
"Graham, Robinson and Smith","Graham, Robinson and Smith","Graham, Robinson and Smith",ORGA
"Thompson, Banks and Booth","Thompson, Banks and Booth","Thompson, Banks and Booth",ORGA
Consultoría Franco S.L.,Consultoría Franco S.L.,Consultoría Franco S.L.,ORGA
Manufacturas YUT S.A.,Manufacturas YUT S.A.,Manufacturas YUT S.A.,ORGA
Janssen de Jong Groep,Janssen de Jong Groep,Janssen de Jong Groep,ORGA
Instalaciones Sanmiguel S.L.,Instalaciones Sanmiguel S.L.,Instalaciones Sanmiguel S.L.,ORGA
Faria,Faria,Faria,ORGA
Simões,Simões,Simões,ORGA
Kirby-Griffiths,Kirby-Griffiths,Kirby-Griffiths,ORGA
Leite,Leite,Leite,ORGA
Barnes-Baker,Barnes-Baker,Barnes-Baker,ORGA
Guillaume,Guillaume,Guillaume,ORGA
Green-Mitchell,Green-Mitchell,Green-Mitchell,ORGA
Johnson-Lewis,Johnson-Lewis,Johnson-Lewis,ORGA
Dijoux,Dijoux,Dijoux,ORGA
Gaillard S.A.R.L.,Gaillard S.A.R.L.,Gaillard S.A.R.L.,ORGA
"Pena, Fisher and Bowen","Pena, Fisher and Bowen","Pena, Fisher and Bowen",ORGA
"Casaleggio, Fanucci e Micca s.r.l.","Casaleggio, Fanucci e Micca s.r.l.","Casaleggio, Fanucci e Micca s.r.l.",ORGA
Fábrica GZHT S.Com.,Fábrica GZHT S.Com.,Fábrica GZHT S.Com.,ORGA
Alves Ferreira S.A.,Alves Ferreira S.A.,Alves Ferreira S.A.,ORGA
Amaral Vicente e Filhos,Amaral Vicente e Filhos,Amaral Vicente e Filhos,ORGA
"Scott, Jones and Graham","Scott, Jones and Graham","Scott, Jones and Graham",ORGA
Tenorio y Soria S.Com.,Tenorio y Soria S.Com.,Tenorio y Soria S.Com.,ORGA
Silva e Filhos,Silva e Filhos,Silva e Filhos,ORGA
Griffiths-Foster,Griffiths-Foster,Griffiths-Foster,ORGA
Pires,Pires,Pires,ORGA
van de Darnau & Labado,van de Darnau & Labado,van de Darnau & Labado,ORGA
Perini Group,Perini Group,Perini Group,ORGA
Ferreira,Ferreira,Ferreira,ORGA
Moreira,Moreira,Moreira,ORGA
Patel LLC,Patel LLC,Patel LLC,ORGA
Chopard SA,Chopard SA,Chopard SA,ORGA
Fernandes,Fernandes,Fernandes,ORGA
Athlon Car Lease,Athlon Car Lease,Athlon Car Lease,ORGA
Campo & Asociados S.Coop.,Campo & Asociados S.Coop.,Campo & Asociados S.Coop.,ORGA
Nerger,Nerger,Nerger,ORGA
Assunção,Assunção,Assunção,ORGA
Barkholz Wähner Stiftung & Co. KGaA,Barkholz Wähner Stiftung & Co. KGaA,Barkholz Wähner Stiftung & Co. KGaA,ORGA
Lima e Filhos,Lima e Filhos,Lima e Filhos,ORGA
Swift Inc,Swift Inc,Swift Inc,ORGA
Coenen NV,Coenen NV,Coenen NV,ORGA
Ruijs Groep,Ruijs Groep,Ruijs Groep,ORGA
Menthonnex,Menthonnex,Menthonnex,ORGA
Salz,Salz,Salz,ORGA
Thompson Inc,Thompson Inc,Thompson Inc,ORGA
Jacobs-Lowe,Jacobs-Lowe,Jacobs-Lowe,ORGA
Treboux Mercier SA,Treboux Mercier SA,Treboux Mercier SA,ORGA
Lebon,Lebon,Lebon,ORGA
PostNL,PostNL,PostNL,ORGA
van Loon BV,van Loon BV,van Loon BV,ORGA
Ruffini e figli,Ruffini e figli,Ruffini e figli,ORGA
Besançon Uldry Sàrl.,Besançon Uldry Sàrl.,Besançon Uldry Sàrl.,ORGA
Leleu,Leleu,Leleu,ORGA
Lima,Lima,Lima,ORGA
Duval,Duval,Duval,ORGA
Briand,Briand,Briand,ORGA
Thomas Cook Nederland,Thomas Cook Nederland,Thomas Cook Nederland,ORGA
Gaillard,Gaillard,Gaillard,ORGA
Gomes S.A.R.L.,Gomes S.A.R.L.,Gomes S.A.R.L.,ORGA
Schmitt,Schmitt,Schmitt,ORGA
Bonvini,Bonvini,Bonvini,ORGA
van Stralen Groep,van Stralen Groep,van Stralen Groep,ORGA
Oliver-Jarvis,Oliver-Jarvis,Oliver-Jarvis,ORGA
Aebi,Aebi,Aebi,ORGA
Gallart y Iñiguez S.Coop.,Gallart y Iñiguez S.Coop.,Gallart y Iñiguez S.Coop.,ORGA
Bell-Riley,Bell-Riley,Bell-Riley,ORGA
Rogner Lorch GbR,Rogner Lorch GbR,Rogner Lorch GbR,ORGA
Moreno,Moreno,Moreno,ORGA
Roux S.A.,Roux S.A.,Roux S.A.,ORGA
Wiek Schäfer GmbH & Co. KGaA,Wiek Schäfer GmbH & Co. KGaA,Wiek Schäfer GmbH & Co. KGaA,ORGA
Delmas,Delmas,Delmas,ORGA
Stichting van den Berg,Stichting van den Berg,Stichting van den Berg,ORGA
Florencio Hierro Bejarano S.A.,Florencio Hierro Bejarano S.A.,Florencio Hierro Bejarano S.A.,ORGA
Junk e.G.,Junk e.G.,Junk e.G.,ORGA
Long-Fisher,Long-Fisher,Long-Fisher,ORGA
Le Gall,Le Gall,Le Gall,ORGA
Royal Alpaidis,Royal Alpaidis,Royal Alpaidis,ORGA
Royal Scharroo,Royal Scharroo,Royal Scharroo,ORGA
Koninklijke van der Spaendonc,Koninklijke van der Spaendonc,Koninklijke van der Spaendonc,ORGA
"Fagiani, Barzini e Ziani Group","Fagiani, Barzini e Ziani Group","Fagiani, Barzini e Ziani Group",ORGA
Manufacturas Ibéricos S.A.T.,Manufacturas Ibéricos S.A.T.,Manufacturas Ibéricos S.A.T.,ORGA
Soluciones LP S.Com.,Soluciones LP S.Com.,Soluciones LP S.Com.,ORGA
Wohlgemut GmbH & Co. OHG,Wohlgemut GmbH & Co. OHG,Wohlgemut GmbH & Co. OHG,ORGA
Rossellini s.r.l.,Rossellini s.r.l.,Rossellini s.r.l.,ORGA
Fernandes Teixeira S/A,Fernandes Teixeira S/A,Fernandes Teixeira S/A,ORGA
Roberts-Yates,Roberts-Yates,Roberts-Yates,ORGA
"Goldoni, Bellini e Puccini e figli","Goldoni, Bellini e Puccini e figli","Goldoni, Bellini e Puccini e figli",ORGA
Howe Ltd,Howe Ltd,Howe Ltd,ORGA
Hermanos Madrigal S.A.,Hermanos Madrigal S.A.,Hermanos Madrigal S.A.,ORGA
Bourdon Dos Santos SA,Bourdon Dos Santos SA,Bourdon Dos Santos SA,ORGA
Garrett-Williams,Garrett-Williams,Garrett-Williams,ORGA
Costa,Costa,Costa,ORGA
"Baracca, Pezzali e Mozart SPA","Baracca, Pezzali e Mozart SPA","Baracca, Pezzali e Mozart SPA",ORGA
"Schultz, Castro and Reyes","Schultz, Castro and Reyes","Schultz, Castro and Reyes",ORGA
Pereira,Pereira,Pereira,ORGA
Badan,Badan,Badan,ORGA
Gaspar Maia S.A.,Gaspar Maia S.A.,Gaspar Maia S.A.,ORGA
Reis Coelho S.A.,Reis Coelho S.A.,Reis Coelho S.A.,ORGA
Köhler Schlosser OHG mbH,Köhler Schlosser OHG mbH,Köhler Schlosser OHG mbH,ORGA
Almeida,Almeida,Almeida,ORGA
APM Terminals,APM Terminals,APM Terminals,ORGA
Royal van Voorst,Royal van Voorst,Royal van Voorst,ORGA
"Thomas, Jefferson and Alvarado","Thomas, Jefferson and Alvarado","Thomas, Jefferson and Alvarado",ORGA
Arens & de la Fleche,Arens & de la Fleche,Arens & de la Fleche,ORGA
Gregorio-Barese SPA,Gregorio-Barese SPA,Gregorio-Barese SPA,ORGA
Schlosser,Schlosser,Schlosser,ORGA
Vrancken BV,Vrancken BV,Vrancken BV,ORGA
Höfig AG,Höfig AG,Höfig AG,ORGA
Lawson Ltd,Lawson Ltd,Lawson Ltd,ORGA
